,Justice,Média,Police,AN,Science,Administration,Entreprises,Associations,Gouvernement,Agences,Médecins,Sénat
0,4.0,5.0,2.0,2.0,1.0,1.0,2.0,2.0,2.0,2.0,2.0,2.0
1,3.0,3.0,3.0,3.0,3.0,3.0,3.0,3.0,3.0,3.0,3.0,3.0
2,2.0,2.0,2.0,3.0,3.0,2.0,2.0,1.0,3.0,3.0,1.0,3.0
3,4.0,5.0,4.0,5.0,2.0,4.0,4.0,2.0,5.0,4.0,2.0,4.0
4,5.0,5.0,1.0,4.0,5.0,4.0,4.0,4.0,5.0,5.0,2.0,4.0
5,5.0,5.0,5.0,5.0,2.0,5.0,5.0,2.0,5.0,5.0,2.0,5.0
6,5.0,5.0,1.0,4.0,2.0,2.0,2.0,4.0,5.0,4.0,1.0,2.0
7,4.0,2.0,4.0,4.0,2.0,4.0,2.0,4.0,4.0,4.0,2.0,2.0
8,1.0,4.0,2.0,2.0,1.0,2.0,4.0,4.0,2.0,2.0,2.0,2.0
9,4.0,5.0,1.0,5.0,1.0,4.0,2.0,1.0,5.0,4.0,1.0,5.0
10,5.0,4.0,5.0,5.0,2.0,5.0,5.0,4.0,5.0,5.0,2.0,5.0
11,4.0,4.0,2.0,4.0,1.0,2.0,4.0,2.0,2.0,2.0,2.0,4.0
12,4.0,4.0,2.0,2.0,2.0,2.0,2.0,2.0,2.0,2.0,2.0,2.0
13,5.0,5.0,5.0,5.0,2.0,5.0,4.0,5.0,5.0,5.0,4.0,5.0
14,2.0,4.0,1.0,4.0,1.0,4.0,2.0,2.0,2.0,5.0,1.0,4.0
15,1.0,2.0,1.0,2.0,1.0,4.0,2.0,4.0,2.0,1.0,1.0,1.0
16,5.0,5.0,5.0,5.0,5.0,5.0,4.0,2.0,5.0,5.0,2.0,5.0
17,5.0,4.0,1.0,5.0,2.0,2.0,2.0,4.0,5.0,5.0,2.0,5.0
18,1.0,2.0,1.0,1.0,1.0,2.0,2.0,1.0,1.0,1.0,1.0,2.0
19,5.0,5.0,1.0,5.0,2.0,5.0,2.0,5.0,5.0,5.0,1.0,5.0
20,4.0,4.0,4.0,4.0,2.0,4.0,4.0,4.0,4.0,4.0,2.0,4.0
21,2.0,2.0,2.0,2.0,2.0,2.0,2.0,2.0,4.0,2.0,2.0,2.0
22,2.0,4.0,4.0,4.0,2.0,2.0,4.0,4.0,4.0,4.0,2.0,4.0
23,4.0,5.0,2.0,4.0,2.0,4.0,4.0,2.0,2.0,4.0,4.0,5.0
24,5.0,4.0,2.0,4.0,1.0,2.0,2.0,5.0,2.0,2.0,2.0,4.0
25,1.0,1.0,2.0,1.0,2.0,2.0,1.0,1.0,1.0,2.0,1.0,1.0
26,4.0,5.0,1.0,4.0,1.0,4.0,2.0,4.0,2.0,2.0,1.0,4.0
27,4.0,1.0,1.0,5.0,1.0,2.0,2.0,1.0,4.0,4.0,4.0,4.0
28,2.0,4.0,1.0,3.0,1.0,2.0,4.0,4.0,2.0,1.0,1.0,3.0
29,2.0,4.0,2.0,2.0,2.0,2.0,2.0,4.0,2.0,2.0,2.0,2.0
30,4.0,2.0,4.0,3.0,2.0,2.0,4.0,2.0,2.0,3.0,2.0,3.0
31,2.0,4.0,1.0,4.0,2.0,2.0,2.0,2.0,4.0,2.0,2.0,5.0
32,5.0,4.0,2.0,5.0,2.0,5.0,4.0,2.0,5.0,4.0,2.0,5.0
33,4.0,5.0,2.0,2.0,2.0,2.0,4.0,2.0,4.0,2.0,2.0,2.0
34,1.0,1.0,1.0,1.0,1.0,1.0,1.0,2.0,4.0,1.0,1.0,4.0
35,2.0,5.0,2.0,5.0,2.0,4.0,4.0,2.0,5.0,4.0,2.0,5.0
36,2.0,5.0,4.0,4.0,4.0,2.0,4.0,4.0,4.0,4.0,4.0,4.0
37,5.0,5.0,2.0,5.0,4.0,5.0,2.0,5.0,5.0,5.0,5.0,1.0
38,2.0,5.0,4.0,5.0,2.0,4.0,5.0,2.0,5.0,3.0,4.0,3.0
39,2.0,2.0,2.0,2.0,1.0,2.0,2.0,2.0,2.0,2.0,2.0,2.0
40,2.0,4.0,2.0,2.0,4.0,2.0,2.0,1.0,4.0,2.0,2.0,2.0
41,4.0,2.0,2.0,4.0,2.0,4.0,4.0,5.0,2.0,2.0,2.0,2.0
42,2.0,4.0,2.0,4.0,1.0,3.0,4.0,1.0,2.0,2.0,1.0,4.0
43,4.0,5.0,4.0,2.0,2.0,2.0,2.0,2.0,2.0,4.0,2.0,2.0
44,5.0,5.0,4.0,5.0,1.0,5.0,5.0,4.0,5.0,5.0,2.0,2.0
45,5.0,4.0,2.0,4.0,2.0,4.0,2.0,4.0,2.0,4.0,2.0,4.0
46,2.0,5.0,2.0,5.0,2.0,4.0,2.0,2.0,5.0,2.0,1.0,4.0
47,5.0,5.0,5.0,5.0,5.0,5.0,5.0,5.0,5.0,5.0,5.0,5.0
48,1.0,2.0,1.0,4.0,2.0,4.0,4.0,2.0,4.0,2.0,1.0,4.0
49,4.0,2.0,4.0,4.0,2.0,2.0,4.0,2.0,4.0,4.0,2.0,4.0
50,4.0,5.0,4.0,4.0,2.0,4.0,4.0,2.0,4.0,4.0,2.0,5.0
51,4.0,4.0,4.0,4.0,4.0,4.0,4.0,2.0,4.0,4.0,2.0,4.0
52,5.0,4.0,4.0,4.0,2.0,4.0,4.0,2.0,4.0,2.0,2.0,4.0
53,4.0,5.0,5.0,5.0,2.0,5.0,2.0,4.0,5.0,5.0,1.0,2.0
54,5.0,5.0,5.0,5.0,2.0,4.0,2.0,2.0,5.0,5.0,2.0,5.0
55,2.0,5.0,4.0,5.0,2.0,3.0,5.0,2.0,5.0,5.0,2.0,5.0
56,4.0,4.0,2.0,2.0,2.0,3.0,3.0,4.0,2.0,3.0,2.0,2.0
57,4.0,5.0,1.0,3.0,2.0,2.0,4.0,4.0,4.0,4.0,1.0,3.0
58,2.0,2.0,1.0,4.0,2.0,2.0,4.0,2.0,4.0,2.0,2.0,4.0
59,5.0,5.0,4.0,3.0,2.0,2.0,3.0,3.0,3.0,3.0,2.0,3.0
60,2.0,2.0,2.0,2.0,2.0,5.0,4.0,1.0,5.0,2.0,2.0,5.0
61,4.0,5.0,4.0,4.0,2.0,2.0,4.0,2.0,4.0,2.0,2.0,4.0
62,5.0,4.0,5.0,5.0,1.0,4.0,5.0,2.0,5.0,4.0,1.0,5.0
63,4.0,5.0,2.0,2.0,1.0,4.0,5.0,1.0,4.0,2.0,1.0,2.0
64,2.0,4.0,2.0,4.0,2.0,2.0,2.0,2.0,5.0,4.0,1.0,4.0
65,1.0,1.0,1.0,5.0,1.0,1.0,1.0,1.0,1.0,1.0,1.0,3.0
66,2.0,5.0,2.0,2.0,2.0,2.0,4.0,2.0,4.0,1.0,1.0,2.0
67,5.0,4.0,2.0,5.0,4.0,5.0,2.0,5.0,5.0,5.0,4.0,5.0
68,4.0,3.0,3.0,4.0,3.0,4.0,4.0,3.0,5.0,4.0,2.0,4.0
69,4.0,4.0,2.0,4.0,1.0,4.0,4.0,2.0,4.0,2.0,1.0,4.0
70,1.0,2.0,1.0,3.0,2.0,2.0,3.0,3.0,2.0,2.0,1.0,2.0
71,2.0,4.0,2.0,4.0,2.0,2.0,2.0,2.0,2.0,2.0,1.0,4.0
72,2.0,4.0,2.0,2.0,2.0,2.0,2.0,2.0,2.0,2.0,2.0,2.0
73,4.0,4.0,5.0,4.0,2.0,4.0,5.0,2.0,5.0,4.0,2.0,3.0
74,4.0,2.0,2.0,2.0,1.0,4.0,2.0,2.0,2.0,1.0,1.0,2.0
75,2.0,2.0,2.0,2.0,2.0,2.0,2.0,2.0,2.0,2.0,1.0,2.0
76,2.0,5.0,2.0,5.0,4.0,4.0,5.0,5.0,5.0,5.0,2.0,5.0
77,3.0,4.0,2.0,2.0,2.0,2.0,4.0,2.0,4.0,4.0,2.0,2.0
78,4.0,5.0,5.0,5.0,2.0,4.0,4.0,2.0,5.0,4.0,1.0,5.0
79,2.0,5.0,1.0,4.0,1.0,4.0,2.0,1.0,2.0,1.0,1.0,4.0
80,4.0,5.0,2.0,4.0,4.0,4.0,4.0,4.0,4.0,4.0,2.0,4.0
81,5.0,5.0,2.0,4.0,5.0,2.0,2.0,4.0,5.0,5.0,2.0,4.0
82,2.0,4.0,2.0,2.0,1.0,2.0,4.0,2.0,2.0,2.0,1.0,2.0
83,4.0,5.0,5.0,5.0,4.0,5.0,5.0,5.0,5.0,5.0,2.0,5.0
84,3.0,4.0,3.0,3.0,2.0,3.0,3.0,2.0,2.0,2.0,2.0,3.0
85,2.0,2.0,2.0,2.0,1.0,4.0,4.0,2.0,4.0,2.0,2.0,2.0
86,2.0,4.0,2.0,2.0,2.0,2.0,4.0,4.0,4.0,2.0,2.0,4.0
87,4.0,4.0,2.0,3.0,2.0,3.0,3.0,2.0,3.0,2.0,2.0,3.0
88,4.0,4.0,2.0,4.0,1.0,2.0,4.0,3.0,2.0,2.0,2.0,4.0
89,4.0,5.0,2.0,5.0,2.0,4.0,4.0,2.0,5.0,5.0,2.0,4.0
90,5.0,5.0,2.0,3.0,4.0,5.0,5.0,2.0,5.0,5.0,2.0,1.0
91,4.0,5.0,4.0,4.0,4.0,4.0,5.0,2.0,4.0,4.0,4.0,3.0
92,5.0,5.0,5.0,5.0,2.0,5.0,2.0,1.0,5.0,2.0,2.0,4.0
93,4.0,4.0,2.0,4.0,2.0,4.0,4.0,4.0,5.0,5.0,2.0,2.0
94,4.0,2.0,3.0,3.0,2.0,3.0,4.0,2.0,3.0,2.0,2.0,3.0
95,5.0,4.0,2.0,4.0,2.0,4.0,4.0,4.0,4.0,4.0,2.0,4.0
96,2.0,4.0,2.0,4.0,1.0,4.0,5.0,1.0,4.0,2.0,2.0,4.0
97,2.0,2.0,2.0,2.0,2.0,2.0,2.0,2.0,2.0,2.0,2.0,2.0
98,4.0,5.0,1.0,4.0,1.0,2.0,4.0,5.0,5.0,4.0,1.0,4.0
99,4.0,2.0,2.0,4.0,2.0,4.0,4.0,4.0,2.0,4.0,4.0,4.0
100,4.0,4.0,1.0,2.0,2.0,2.0,4.0,2.0,4.0,2.0,1.0,2.0
101,5.0,5.0,4.0,5.0,2.0,5.0,5.0,2.0,5.0,5.0,2.0,5.0
102,5.0,5.0,2.0,5.0,1.0,2.0,2.0,1.0,5.0,5.0,1.0,5.0
103,4.0,4.0,2.0,4.0,2.0,4.0,2.0,2.0,4.0,2.0,2.0,5.0
104,4.0,2.0,2.0,2.0,2.0,4.0,4.0,4.0,4.0,4.0,2.0,2.0
105,2.0,5.0,4.0,2.0,2.0,2.0,2.0,2.0,2.0,4.0,1.0,2.0
106,5.0,5.0,1.0,5.0,1.0,5.0,1.0,1.0,2.0,1.0,1.0,5.0
107,2.0,2.0,2.0,4.0,1.0,2.0,4.0,1.0,4.0,4.0,1.0,4.0
108,5.0,5.0,2.0,4.0,4.0,4.0,2.0,4.0,5.0,4.0,2.0,1.0
109,4.0,4.0,1.0,2.0,2.0,2.0,2.0,2.0,2.0,2.0,2.0,3.0
110,5.0,5.0,4.0,5.0,4.0,4.0,4.0,4.0,5.0,5.0,4.0,4.0
111,3.0,4.0,4.0,4.0,2.0,4.0,4.0,2.0,5.0,4.0,2.0,4.0
112,4.0,4.0,4.0,5.0,2.0,3.0,2.0,3.0,5.0,3.0,2.0,4.0
113,4.0,5.0,2.0,2.0,4.0,4.0,5.0,4.0,4.0,5.0,2.0,5.0
114,4.0,4.0,4.0,4.0,2.0,2.0,4.0,2.0,4.0,4.0,2.0,4.0
115,2.0,2.0,2.0,2.0,2.0,2.0,2.0,2.0,2.0,2.0,2.0,2.0
116,2.0,2.0,2.0,2.0,2.0,2.0,2.0,1.0,2.0,1.0,2.0,2.0
117,2.0,1.0,2.0,1.0,2.0,2.0,2.0,2.0,1.0,2.0,2.0,2.0
118,2.0,4.0,1.0,2.0,2.0,2.0,2.0,4.0,2.0,2.0,2.0,4.0
119,4.0,4.0,1.0,4.0,1.0,2.0,2.0,2.0,2.0,2.0,1.0,2.0
120,2.0,4.0,2.0,2.0,2.0,4.0,2.0,2.0,2.0,4.0,2.0,4.0
121,2.0,4.0,4.0,2.0,2.0,2.0,4.0,2.0,2.0,2.0,2.0,2.0
122,5.0,4.0,2.0,4.0,2.0,2.0,2.0,2.0,5.0,4.0,2.0,2.0
123,4.0,2.0,3.0,4.0,2.0,4.0,4.0,1.0,5.0,2.0,1.0,3.0
124,2.0,2.0,2.0,4.0,2.0,2.0,2.0,2.0,4.0,2.0,2.0,4.0
125,5.0,5.0,2.0,5.0,2.0,5.0,4.0,5.0,5.0,5.0,2.0,5.0
126,1.0,4.0,2.0,5.0,1.0,4.0,2.0,2.0,5.0,5.0,4.0,2.0
127,2.0,5.0,2.0,4.0,2.0,4.0,4.0,4.0,4.0,4.0,2.0,4.0
128,2.0,5.0,2.0,4.0,1.0,4.0,4.0,2.0,4.0,4.0,2.0,4.0
129,2.0,2.0,1.0,2.0,1.0,2.0,4.0,2.0,1.0,2.0,1.0,1.0
130,5.0,5.0,2.0,4.0,2.0,4.0,5.0,5.0,4.0,5.0,2.0,2.0
131,2.0,4.0,4.0,4.0,2.0,4.0,4.0,2.0,4.0,2.0,2.0,4.0
132,2.0,2.0,1.0,2.0,2.0,2.0,4.0,1.0,1.0,2.0,2.0,2.0
133,4.0,4.0,4.0,4.0,2.0,4.0,5.0,2.0,5.0,3.0,2.0,4.0
134,2.0,3.0,2.0,2.0,2.0,3.0,3.0,2.0,2.0,2.0,2.0,3.0
135,2.0,5.0,2.0,2.0,2.0,2.0,2.0,2.0,1.0,2.0,1.0,2.0
136,2.0,4.0,2.0,4.0,2.0,2.0,4.0,4.0,4.0,2.0,2.0,4.0
137,4.0,4.0,4.0,4.0,2.0,4.0,4.0,2.0,4.0,4.0,2.0,4.0
138,2.0,2.0,1.0,2.0,2.0,2.0,2.0,2.0,2.0,2.0,1.0,2.0
139,1.0,3.0,1.0,3.0,1.0,3.0,2.0,1.0,3.0,2.0,1.0,3.0
140,2.0,4.0,1.0,2.0,2.0,2.0,4.0,1.0,2.0,2.0,1.0,2.0
141,2.0,2.0,1.0,2.0,2.0,2.0,4.0,4.0,2.0,2.0,2.0,2.0
142,2.0,4.0,2.0,2.0,2.0,4.0,4.0,2.0,4.0,2.0,2.0,4.0
143,4.0,4.0,2.0,4.0,2.0,2.0,2.0,2.0,4.0,2.0,4.0,2.0
144,4.0,5.0,2.0,4.0,2.0,4.0,4.0,2.0,4.0,4.0,2.0,4.0
145,2.0,2.0,4.0,2.0,2.0,2.0,2.0,2.0,2.0,2.0,2.0,2.0
146,4.0,5.0,4.0,5.0,2.0,4.0,4.0,2.0,5.0,5.0,2.0,5.0
147,2.0,2.0,1.0,3.0,1.0,3.0,5.0,4.0,2.0,3.0,1.0,2.0
148,1.0,2.0,4.0,2.0,2.0,5.0,4.0,2.0,2.0,1.0,1.0,2.0
149,2.0,2.0,2.0,4.0,1.0,4.0,5.0,3.0,2.0,2.0,1.0,4.0
150,5.0,2.0,5.0,2.0,2.0,5.0,1.0,2.0,4.0,5.0,4.0,2.0
151,4.0,4.0,2.0,2.0,1.0,4.0,4.0,2.0,4.0,2.0,2.0,2.0
152,5.0,4.0,2.0,4.0,2.0,2.0,2.0,4.0,4.0,4.0,2.0,5.0
153,5.0,4.0,2.0,5.0,4.0,2.0,5.0,2.0,5.0,5.0,2.0,5.0
154,2.0,2.0,2.0,2.0,2.0,2.0,2.0,2.0,2.0,2.0,2.0,2.0
155,2.0,4.0,1.0,2.0,1.0,1.0,2.0,5.0,1.0,2.0,1.0,1.0
156,2.0,2.0,2.0,4.0,2.0,3.0,4.0,2.0,4.0,4.0,2.0,4.0
157,2.0,4.0,2.0,4.0,2.0,4.0,4.0,2.0,5.0,5.0,2.0,4.0
158,4.0,4.0,2.0,4.0,2.0,4.0,4.0,4.0,2.0,2.0,2.0,4.0
159,2.0,5.0,4.0,5.0,2.0,5.0,5.0,2.0,5.0,5.0,2.0,5.0
160,2.0,2.0,2.0,2.0,1.0,2.0,2.0,2.0,1.0,2.0,1.0,2.0
161,3.0,3.0,3.0,3.0,3.0,3.0,3.0,3.0,3.0,3.0,3.0,3.0
162,2.0,4.0,4.0,2.0,2.0,2.0,4.0,2.0,2.0,4.0,2.0,2.0
163,1.0,2.0,2.0,4.0,2.0,2.0,4.0,2.0,4.0,4.0,2.0,2.0
164,5.0,4.0,5.0,5.0,2.0,1.0,5.0,2.0,4.0,2.0,4.0,1.0
165,4.0,4.0,5.0,4.0,1.0,2.0,4.0,2.0,2.0,2.0,1.0,4.0
166,4.0,3.0,4.0,3.0,2.0,3.0,5.0,3.0,4.0,4.0,2.0,3.0
167,2.0,4.0,2.0,4.0,1.0,4.0,2.0,2.0,2.0,2.0,2.0,4.0
168,2.0,4.0,2.0,4.0,1.0,1.0,2.0,2.0,4.0,4.0,1.0,2.0
169,2.0,2.0,2.0,2.0,2.0,2.0,2.0,2.0,2.0,2.0,2.0,2.0
170,4.0,5.0,5.0,4.0,4.0,4.0,4.0,2.0,5.0,4.0,4.0,4.0
171,2.0,4.0,4.0,4.0,1.0,4.0,4.0,2.0,4.0,2.0,1.0,5.0
172,1.0,2.0,2.0,2.0,1.0,2.0,5.0,1.0,2.0,1.0,1.0,2.0
173,5.0,2.0,1.0,1.0,1.0,5.0,1.0,2.0,1.0,2.0,1.0,5.0
174,5.0,4.0,5.0,5.0,4.0,4.0,4.0,2.0,5.0,4.0,2.0,5.0
175,3.0,3.0,3.0,3.0,3.0,3.0,3.0,3.0,3.0,3.0,3.0,3.0
176,2.0,2.0,1.0,2.0,2.0,4.0,2.0,2.0,1.0,2.0,1.0,4.0
177,2.0,4.0,2.0,4.0,2.0,4.0,4.0,2.0,4.0,4.0,2.0,4.0
178,2.0,4.0,2.0,2.0,2.0,2.0,2.0,2.0,2.0,2.0,2.0,2.0
179,5.0,5.0,1.0,2.0,1.0,2.0,4.0,2.0,2.0,2.0,1.0,2.0
180,2.0,5.0,2.0,5.0,2.0,4.0,2.0,4.0,2.0,2.0,2.0,5.0
181,4.0,4.0,2.0,4.0,4.0,4.0,1.0,2.0,4.0,2.0,2.0,4.0
182,4.0,4.0,2.0,4.0,2.0,4.0,5.0,4.0,5.0,4.0,2.0,5.0
183,4.0,5.0,5.0,2.0,2.0,2.0,4.0,2.0,2.0,2.0,1.0,3.0
184,4.0,5.0,4.0,3.0,3.0,3.0,4.0,5.0,3.0,3.0,2.0,3.0
185,4.0,5.0,2.0,4.0,2.0,4.0,2.0,2.0,4.0,4.0,2.0,4.0
186,4.0,5.0,4.0,4.0,2.0,4.0,5.0,2.0,2.0,4.0,1.0,4.0
187,2.0,5.0,2.0,5.0,2.0,2.0,2.0,2.0,5.0,4.0,2.0,5.0
188,2.0,2.0,1.0,2.0,2.0,2.0,4.0,2.0,4.0,2.0,2.0,2.0
189,4.0,5.0,2.0,2.0,1.0,4.0,4.0,4.0,2.0,2.0,2.0,2.0
190,4.0,5.0,2.0,4.0,2.0,4.0,2.0,2.0,2.0,2.0,1.0,4.0
191,4.0,2.0,1.0,2.0,1.0,2.0,2.0,2.0,1.0,1.0,1.0,2.0
192,5.0,5.0,5.0,5.0,4.0,5.0,4.0,5.0,5.0,5.0,4.0,5.0
193,4.0,4.0,4.0,4.0,2.0,2.0,2.0,4.0,2.0,4.0,2.0,4.0
194,5.0,5.0,2.0,2.0,3.0,5.0,5.0,3.0,5.0,5.0,2.0,5.0
195,2.0,4.0,5.0,5.0,2.0,4.0,5.0,1.0,5.0,5.0,2.0,3.0
196,1.0,2.0,1.0,2.0,1.0,2.0,1.0,2.0,1.0,1.0,1.0,2.0
197,5.0,5.0,5.0,5.0,2.0,5.0,4.0,2.0,5.0,5.0,4.0,5.0
198,4.0,4.0,4.0,4.0,1.0,5.0,2.0,2.0,4.0,5.0,2.0,2.0
199,5.0,5.0,2.0,3.0,2.0,2.0,4.0,1.0,5.0,4.0,1.0,2.0
200,5.0,5.0,2.0,5.0,1.0,4.0,2.0,2.0,5.0,5.0,1.0,5.0
201,2.0,4.0,2.0,2.0,1.0,2.0,2.0,2.0,2.0,1.0,1.0,2.0
202,4.0,4.0,4.0,4.0,4.0,4.0,4.0,4.0,4.0,2.0,4.0,4.0
203,5.0,5.0,5.0,5.0,4.0,5.0,5.0,5.0,5.0,5.0,4.0,4.0
204,2.0,5.0,2.0,4.0,1.0,4.0,5.0,4.0,4.0,2.0,2.0,4.0
205,4.0,5.0,2.0,4.0,4.0,2.0,4.0,4.0,2.0,2.0,2.0,4.0
206,1.0,4.0,1.0,2.0,1.0,2.0,2.0,2.0,1.0,1.0,1.0,2.0
207,5.0,4.0,5.0,5.0,5.0,5.0,2.0,5.0,5.0,5.0,2.0,5.0
208,4.0,4.0,1.0,2.0,1.0,2.0,4.0,2.0,2.0,2.0,1.0,2.0
209,4.0,5.0,1.0,4.0,2.0,4.0,2.0,2.0,4.0,4.0,2.0,2.0
210,2.0,2.0,2.0,2.0,1.0,1.0,4.0,2.0,2.0,4.0,1.0,2.0
211,2.0,4.0,2.0,2.0,2.0,2.0,4.0,2.0,2.0,1.0,1.0,2.0
212,2.0,5.0,2.0,3.0,2.0,2.0,3.0,3.0,5.0,5.0,2.0,3.0
213,2.0,2.0,3.0,3.0,2.0,3.0,3.0,3.0,3.0,3.0,2.0,3.0
214,2.0,4.0,1.0,2.0,4.0,1.0,2.0,1.0,2.0,1.0,1.0,2.0
215,2.0,5.0,4.0,4.0,1.0,4.0,4.0,2.0,4.0,5.0,1.0,2.0
216,5.0,5.0,5.0,5.0,5.0,5.0,5.0,5.0,5.0,5.0,5.0,5.0
217,2.0,4.0,2.0,4.0,2.0,2.0,2.0,2.0,4.0,4.0,2.0,4.0
218,2.0,5.0,2.0,4.0,4.0,4.0,5.0,5.0,5.0,5.0,4.0,4.0
219,4.0,4.0,2.0,4.0,2.0,4.0,2.0,4.0,4.0,4.0,2.0,2.0
220,2.0,4.0,2.0,2.0,1.0,2.0,4.0,1.0,2.0,1.0,1.0,2.0
221,4.0,5.0,4.0,4.0,4.0,4.0,4.0,4.0,4.0,4.0,4.0,4.0
222,1.0,2.0,1.0,2.0,1.0,2.0,4.0,2.0,1.0,2.0,1.0,4.0
223,2.0,4.0,2.0,3.0,2.0,2.0,3.0,2.0,2.0,2.0,2.0,3.0
224,2.0,4.0,2.0,2.0,2.0,2.0,4.0,1.0,2.0,2.0,2.0,2.0
225,5.0,5.0,1.0,5.0,3.0,5.0,4.0,5.0,5.0,4.0,3.0,2.0
226,2.0,4.0,1.0,2.0,2.0,2.0,2.0,2.0,2.0,2.0,1.0,2.0
227,5.0,5.0,4.0,4.0,2.0,4.0,4.0,2.0,5.0,5.0,2.0,4.0
228,3.0,3.0,3.0,3.0,3.0,3.0,3.0,3.0,3.0,3.0,3.0,3.0
229,5.0,5.0,5.0,5.0,4.0,5.0,5.0,3.0,5.0,5.0,4.0,5.0
230,5.0,4.0,5.0,5.0,2.0,4.0,4.0,2.0,5.0,5.0,2.0,5.0
231,2.0,5.0,2.0,4.0,2.0,5.0,4.0,2.0,2.0,4.0,2.0,5.0
232,2.0,2.0,2.0,2.0,2.0,2.0,2.0,4.0,2.0,2.0,2.0,2.0
233,5.0,5.0,2.0,5.0,4.0,4.0,5.0,4.0,5.0,4.0,1.0,4.0
234,4.0,2.0,1.0,4.0,1.0,4.0,4.0,1.0,5.0,4.0,1.0,2.0
235,1.0,2.0,1.0,2.0,1.0,2.0,4.0,4.0,2.0,2.0,2.0,2.0
236,2.0,4.0,1.0,2.0,1.0,2.0,5.0,2.0,2.0,2.0,1.0,2.0
237,5.0,5.0,2.0,5.0,1.0,5.0,2.0,5.0,5.0,5.0,1.0,4.0
238,3.0,3.0,2.0,2.0,2.0,2.0,3.0,4.0,2.0,4.0,2.0,2.0
239,4.0,5.0,2.0,2.0,2.0,4.0,3.0,3.0,5.0,2.0,1.0,2.0
240,5.0,5.0,1.0,4.0,2.0,5.0,1.0,5.0,4.0,4.0,1.0,2.0
241,5.0,5.0,2.0,5.0,4.0,4.0,4.0,2.0,5.0,4.0,5.0,5.0
242,2.0,2.0,2.0,2.0,2.0,2.0,2.0,2.0,2.0,2.0,2.0,2.0
243,4.0,5.0,2.0,4.0,2.0,2.0,4.0,2.0,4.0,4.0,4.0,4.0
244,4.0,4.0,2.0,2.0,2.0,4.0,2.0,4.0,2.0,2.0,1.0,4.0
245,4.0,2.0,2.0,2.0,4.0,4.0,4.0,2.0,1.0,4.0,4.0,4.0
246,5.0,5.0,4.0,5.0,2.0,5.0,4.0,5.0,5.0,5.0,2.0,5.0
247,2.0,3.0,4.0,5.0,3.0,3.0,5.0,2.0,5.0,5.0,5.0,2.0
248,4.0,2.0,2.0,4.0,2.0,2.0,2.0,5.0,4.0,2.0,2.0,2.0
249,4.0,4.0,2.0,4.0,2.0,4.0,4.0,4.0,4.0,4.0,2.0,4.0
250,4.0,5.0,2.0,4.0,2.0,4.0,4.0,4.0,4.0,4.0,2.0,4.0
251,5.0,5.0,1.0,5.0,1.0,2.0,2.0,5.0,2.0,2.0,2.0,5.0
252,4.0,2.0,2.0,4.0,1.0,2.0,2.0,2.0,4.0,1.0,1.0,2.0
253,1.0,4.0,1.0,1.0,1.0,1.0,3.0,1.0,1.0,1.0,1.0,1.0
254,4.0,4.0,2.0,5.0,4.0,4.0,3.0,3.0,5.0,5.0,4.0,5.0
255,5.0,5.0,5.0,5.0,4.0,5.0,5.0,5.0,5.0,5.0,2.0,5.0
256,3.0,3.0,3.0,3.0,2.0,2.0,3.0,2.0,2.0,2.0,2.0,3.0
257,4.0,3.0,2.0,4.0,2.0,4.0,2.0,2.0,2.0,4.0,1.0,4.0
258,5.0,5.0,2.0,4.0,2.0,5.0,2.0,5.0,5.0,5.0,2.0,4.0
259,2.0,5.0,2.0,1.0,2.0,4.0,2.0,4.0,2.0,2.0,2.0,1.0
260,5.0,4.0,5.0,5.0,5.0,2.0,2.0,2.0,5.0,5.0,2.0,5.0
261,2.0,3.0,3.0,2.0,3.0,2.0,3.0,2.0,3.0,2.0,2.0,2.0
262,4.0,4.0,4.0,5.0,2.0,4.0,4.0,4.0,5.0,5.0,2.0,2.0
263,5.0,4.0,2.0,5.0,5.0,5.0,5.0,3.0,3.0,3.0,4.0,5.0
264,5.0,5.0,5.0,5.0,2.0,4.0,4.0,4.0,4.0,4.0,2.0,5.0
265,2.0,1.0,1.0,2.0,2.0,2.0,2.0,4.0,1.0,1.0,1.0,2.0
266,4.0,5.0,2.0,4.0,3.0,4.0,3.0,4.0,4.0,4.0,3.0,4.0
267,2.0,2.0,2.0,2.0,2.0,2.0,2.0,1.0,1.0,2.0,2.0,2.0
268,2.0,2.0,2.0,2.0,2.0,4.0,2.0,2.0,4.0,3.0,1.0,4.0
269,5.0,5.0,2.0,4.0,2.0,4.0,4.0,4.0,5.0,4.0,2.0,4.0
270,5.0,4.0,2.0,4.0,2.0,4.0,4.0,2.0,2.0,2.0,2.0,4.0
271,5.0,5.0,2.0,5.0,2.0,4.0,2.0,2.0,5.0,5.0,2.0,5.0
272,2.0,5.0,2.0,5.0,2.0,4.0,4.0,2.0,2.0,2.0,2.0,4.0
273,1.0,2.0,2.0,4.0,2.0,2.0,4.0,2.0,1.0,1.0,1.0,2.0
274,5.0,4.0,1.0,5.0,5.0,5.0,5.0,5.0,5.0,5.0,1.0,5.0
275,4.0,5.0,4.0,4.0,2.0,4.0,4.0,2.0,5.0,3.0,2.0,4.0
276,1.0,1.0,2.0,4.0,1.0,2.0,2.0,2.0,2.0,1.0,1.0,2.0
277,4.0,5.0,1.0,5.0,1.0,2.0,2.0,4.0,4.0,4.0,1.0,2.0
278,2.0,4.0,2.0,2.0,2.0,2.0,2.0,2.0,2.0,2.0,1.0,2.0
279,1.0,1.0,1.0,1.0,2.0,2.0,4.0,2.0,1.0,1.0,2.0,1.0
280,5.0,5.0,5.0,5.0,5.0,4.0,4.0,2.0,5.0,5.0,4.0,5.0
281,1.0,4.0,1.0,2.0,1.0,2.0,4.0,4.0,4.0,2.0,1.0,4.0
282,2.0,2.0,2.0,2.0,2.0,2.0,2.0,2.0,2.0,2.0,2.0,2.0
283,4.0,5.0,2.0,4.0,2.0,4.0,5.0,2.0,4.0,2.0,2.0,4.0
284,2.0,4.0,2.0,2.0,2.0,2.0,2.0,2.0,2.0,2.0,2.0,4.0
285,4.0,4.0,1.0,2.0,2.0,4.0,2.0,5.0,2.0,2.0,1.0,2.0
286,4.0,5.0,2.0,3.0,2.0,2.0,5.0,4.0,4.0,4.0,2.0,3.0
287,2.0,4.0,2.0,2.0,2.0,2.0,4.0,2.0,4.0,4.0,2.0,2.0
288,4.0,5.0,3.0,4.0,2.0,3.0,3.0,4.0,3.0,3.0,2.0,4.0
289,4.0,5.0,5.0,5.0,4.0,5.0,5.0,2.0,5.0,5.0,2.0,5.0
290,2.0,5.0,2.0,4.0,2.0,4.0,2.0,5.0,2.0,4.0,2.0,3.0
291,4.0,5.0,4.0,4.0,4.0,4.0,4.0,2.0,5.0,5.0,2.0,5.0
292,1.0,1.0,1.0,1.0,1.0,1.0,1.0,1.0,1.0,1.0,1.0,1.0
293,3.0,3.0,2.0,3.0,3.0,3.0,3.0,3.0,3.0,3.0,2.0,3.0
294,2.0,4.0,2.0,4.0,1.0,2.0,2.0,2.0,4.0,4.0,2.0,4.0
295,4.0,4.0,2.0,2.0,2.0,2.0,2.0,2.0,1.0,2.0,2.0,5.0
296,5.0,5.0,1.0,4.0,1.0,4.0,2.0,2.0,2.0,2.0,1.0,4.0
297,4.0,5.0,4.0,4.0,4.0,4.0,4.0,4.0,2.0,4.0,4.0,4.0
298,4.0,2.0,2.0,4.0,1.0,2.0,4.0,2.0,4.0,2.0,1.0,2.0
299,1.0,2.0,3.0,2.0,2.0,3.0,3.0,2.0,2.0,4.0,2.0,2.0
300,5.0,5.0,2.0,4.0,2.0,4.0,4.0,4.0,4.0,2.0,2.0,4.0
301,2.0,4.0,2.0,2.0,2.0,4.0,2.0,2.0,2.0,2.0,1.0,2.0
302,2.0,4.0,2.0,2.0,2.0,2.0,4.0,2.0,4.0,2.0,2.0,4.0
303,2.0,2.0,2.0,2.0,2.0,2.0,4.0,2.0,4.0,4.0,2.0,2.0
304,4.0,5.0,2.0,4.0,4.0,4.0,4.0,4.0,4.0,4.0,2.0,4.0
305,2.0,2.0,1.0,2.0,1.0,2.0,4.0,2.0,2.0,4.0,1.0,2.0
306,2.0,2.0,2.0,2.0,2.0,2.0,2.0,2.0,2.0,2.0,2.0,2.0
307,4.0,4.0,4.0,4.0,3.0,3.0,3.0,4.0,4.0,4.0,4.0,4.0
308,2.0,4.0,2.0,4.0,2.0,4.0,4.0,2.0,4.0,2.0,4.0,4.0
309,1.0,2.0,1.0,5.0,1.0,1.0,5.0,1.0,1.0,4.0,1.0,5.0
310,5.0,4.0,4.0,4.0,2.0,4.0,4.0,4.0,4.0,2.0,2.0,4.0
311,2.0,2.0,2.0,2.0,1.0,2.0,2.0,2.0,4.0,2.0,2.0,4.0
312,5.0,5.0,5.0,5.0,2.0,5.0,4.0,5.0,5.0,5.0,2.0,5.0
313,5.0,5.0,5.0,5.0,5.0,5.0,5.0,2.0,5.0,5.0,2.0,5.0
314,2.0,4.0,2.0,4.0,2.0,4.0,2.0,2.0,4.0,2.0,2.0,4.0
315,4.0,4.0,4.0,4.0,4.0,4.0,4.0,2.0,4.0,4.0,4.0,4.0
316,4.0,4.0,2.0,2.0,2.0,2.0,2.0,2.0,2.0,2.0,2.0,2.0
317,2.0,2.0,2.0,2.0,2.0,1.0,4.0,2.0,2.0,2.0,1.0,2.0
318,2.0,4.0,2.0,3.0,2.0,2.0,4.0,2.0,2.0,2.0,1.0,3.0
319,2.0,5.0,5.0,2.0,2.0,2.0,4.0,2.0,2.0,4.0,2.0,5.0
320,2.0,2.0,2.0,2.0,2.0,2.0,2.0,2.0,2.0,2.0,2.0,2.0
321,2.0,2.0,5.0,2.0,5.0,1.0,2.0,5.0,2.0,4.0,4.0,4.0
322,2.0,5.0,4.0,4.0,5.0,2.0,2.0,1.0,2.0,4.0,4.0,4.0
323,1.0,1.0,1.0,1.0,1.0,1.0,2.0,3.0,2.0,2.0,1.0,1.0
324,5.0,5.0,2.0,5.0,3.0,4.0,2.0,5.0,5.0,4.0,2.0,5.0
325,1.0,5.0,2.0,4.0,2.0,1.0,3.0,2.0,5.0,3.0,2.0,5.0
326,5.0,5.0,5.0,5.0,5.0,5.0,5.0,5.0,5.0,5.0,5.0,5.0
327,4.0,4.0,2.0,4.0,2.0,4.0,2.0,4.0,4.0,4.0,2.0,4.0
328,2.0,5.0,1.0,2.0,1.0,2.0,2.0,2.0,2.0,2.0,1.0,2.0
329,2.0,4.0,2.0,4.0,1.0,2.0,2.0,2.0,4.0,4.0,1.0,2.0
330,2.0,2.0,1.0,2.0,1.0,4.0,2.0,2.0,1.0,1.0,1.0,2.0
331,4.0,5.0,4.0,5.0,5.0,5.0,4.0,2.0,5.0,2.0,4.0,5.0
332,2.0,2.0,2.0,2.0,2.0,2.0,2.0,2.0,2.0,2.0,2.0,2.0
333,4.0,4.0,4.0,4.0,4.0,4.0,4.0,4.0,4.0,4.0,4.0,4.0
334,5.0,5.0,4.0,5.0,2.0,5.0,4.0,5.0,5.0,4.0,4.0,5.0
335,4.0,4.0,4.0,4.0,4.0,4.0,4.0,4.0,4.0,4.0,4.0,4.0
336,1.0,4.0,2.0,2.0,2.0,2.0,4.0,2.0,1.0,1.0,2.0,2.0
337,5.0,5.0,2.0,4.0,1.0,5.0,4.0,4.0,2.0,5.0,2.0,4.0
338,2.0,2.0,2.0,2.0,2.0,2.0,2.0,2.0,2.0,2.0,2.0,2.0
339,5.0,5.0,4.0,5.0,4.0,5.0,1.0,2.0,5.0,5.0,2.0,5.0
340,5.0,4.0,2.0,5.0,2.0,4.0,5.0,5.0,4.0,4.0,2.0,2.0
341,2.0,4.0,2.0,4.0,2.0,2.0,4.0,4.0,4.0,2.0,2.0,4.0
342,2.0,2.0,1.0,4.0,1.0,2.0,1.0,5.0,2.0,2.0,1.0,5.0
343,1.0,2.0,1.0,2.0,2.0,2.0,2.0,2.0,2.0,2.0,1.0,2.0
344,3.0,3.0,3.0,3.0,3.0,3.0,3.0,3.0,3.0,3.0,3.0,3.0
345,4.0,2.0,4.0,4.0,1.0,4.0,2.0,2.0,4.0,2.0,1.0,4.0
346,4.0,4.0,4.0,4.0,4.0,2.0,4.0,4.0,4.0,4.0,2.0,4.0
347,4.0,4.0,4.0,4.0,2.0,4.0,2.0,4.0,4.0,4.0,1.0,4.0
348,4.0,4.0,2.0,4.0,2.0,4.0,4.0,4.0,4.0,4.0,2.0,4.0
349,4.0,4.0,2.0,4.0,2.0,2.0,4.0,2.0,4.0,2.0,2.0,2.0
350,3.0,5.0,5.0,5.0,3.0,4.0,4.0,3.0,5.0,5.0,2.0,2.0
351,2.0,5.0,4.0,5.0,2.0,2.0,5.0,5.0,5.0,5.0,2.0,5.0
352,2.0,4.0,1.0,2.0,2.0,2.0,2.0,2.0,2.0,2.0,1.0,2.0
353,1.0,2.0,1.0,1.0,1.0,1.0,4.0,4.0,1.0,1.0,1.0,1.0
354,2.0,4.0,2.0,3.0,3.0,2.0,3.0,3.0,2.0,2.0,2.0,3.0
355,5.0,2.0,2.0,4.0,4.0,4.0,5.0,2.0,2.0,4.0,3.0,4.0
356,3.0,5.0,3.0,5.0,1.0,2.0,5.0,2.0,5.0,4.0,2.0,5.0
357,4.0,5.0,5.0,5.0,2.0,4.0,5.0,5.0,5.0,2.0,2.0,5.0
358,4.0,4.0,4.0,4.0,4.0,4.0,2.0,4.0,4.0,4.0,2.0,4.0
359,2.0,4.0,2.0,2.0,2.0,2.0,2.0,2.0,2.0,2.0,2.0,2.0
360,2.0,4.0,2.0,2.0,2.0,2.0,4.0,2.0,1.0,4.0,2.0,2.0
361,4.0,4.0,2.0,2.0,2.0,4.0,2.0,2.0,2.0,4.0,2.0,2.0
362,5.0,4.0,2.0,5.0,1.0,5.0,1.0,4.0,5.0,5.0,1.0,2.0
363,2.0,5.0,4.0,4.0,1.0,4.0,4.0,2.0,4.0,2.0,2.0,2.0
364,2.0,4.0,2.0,4.0,2.0,2.0,2.0,2.0,4.0,2.0,2.0,2.0
365,4.0,4.0,2.0,2.0,2.0,2.0,2.0,4.0,5.0,5.0,4.0,2.0
366,5.0,5.0,4.0,5.0,4.0,5.0,5.0,4.0,5.0,5.0,4.0,5.0
367,4.0,4.0,2.0,4.0,2.0,2.0,4.0,2.0,2.0,2.0,2.0,2.0
368,2.0,4.0,2.0,2.0,2.0,2.0,4.0,4.0,2.0,4.0,1.0,2.0
369,4.0,2.0,4.0,4.0,4.0,2.0,2.0,2.0,4.0,2.0,1.0,4.0
370,2.0,2.0,2.0,2.0,1.0,4.0,4.0,2.0,2.0,2.0,1.0,2.0
371,1.0,4.0,1.0,1.0,1.0,2.0,2.0,1.0,2.0,1.0,1.0,1.0
372,4.0,2.0,4.0,2.0,2.0,4.0,2.0,2.0,4.0,4.0,2.0,2.0
373,2.0,4.0,2.0,4.0,2.0,2.0,4.0,2.0,4.0,2.0,2.0,4.0
374,2.0,4.0,4.0,2.0,2.0,2.0,2.0,2.0,2.0,2.0,2.0,2.0
375,4.0,4.0,4.0,4.0,2.0,4.0,2.0,4.0,4.0,4.0,1.0,4.0
376,5.0,5.0,4.0,5.0,4.0,5.0,5.0,2.0,4.0,5.0,4.0,5.0
377,4.0,5.0,2.0,4.0,2.0,4.0,4.0,4.0,5.0,4.0,2.0,4.0
378,2.0,4.0,2.0,2.0,2.0,2.0,4.0,2.0,4.0,2.0,1.0,2.0
379,2.0,4.0,1.0,5.0,2.0,4.0,4.0,4.0,5.0,4.0,2.0,5.0
380,4.0,2.0,2.0,4.0,4.0,2.0,4.0,4.0,4.0,2.0,2.0,2.0
381,2.0,4.0,2.0,3.0,2.0,3.0,2.0,2.0,3.0,3.0,2.0,3.0
382,5.0,5.0,4.0,5.0,2.0,5.0,5.0,5.0,5.0,5.0,2.0,5.0
383,3.0,3.0,4.0,4.0,4.0,3.0,3.0,3.0,4.0,4.0,3.0,3.0
384,4.0,2.0,3.0,4.0,1.0,4.0,3.0,3.0,2.0,2.0,1.0,5.0
385,4.0,5.0,2.0,4.0,4.0,4.0,2.0,4.0,4.0,4.0,2.0,2.0
386,2.0,4.0,4.0,2.0,2.0,2.0,2.0,2.0,2.0,2.0,2.0,2.0
387,2.0,2.0,2.0,2.0,2.0,2.0,2.0,2.0,2.0,2.0,2.0,2.0
388,5.0,4.0,5.0,5.0,5.0,5.0,5.0,2.0,5.0,5.0,2.0,5.0
389,5.0,5.0,5.0,5.0,5.0,5.0,5.0,5.0,5.0,5.0,5.0,5.0
390,3.0,3.0,3.0,3.0,3.0,3.0,3.0,3.0,3.0,3.0,3.0,3.0
391,2.0,4.0,2.0,4.0,2.0,4.0,4.0,2.0,4.0,2.0,2.0,2.0
392,2.0,2.0,2.0,2.0,2.0,2.0,2.0,2.0,2.0,1.0,2.0,3.0
393,2.0,3.0,2.0,2.0,2.0,2.0,3.0,2.0,2.0,2.0,2.0,4.0
394,2.0,2.0,2.0,2.0,2.0,2.0,4.0,2.0,2.0,2.0,2.0,2.0
395,2.0,2.0,2.0,2.0,2.0,4.0,1.0,1.0,2.0,4.0,2.0,1.0
396,4.0,4.0,2.0,4.0,2.0,4.0,3.0,4.0,2.0,4.0,2.0,4.0
397,5.0,5.0,5.0,5.0,2.0,4.0,5.0,2.0,5.0,4.0,2.0,5.0
398,5.0,2.0,1.0,5.0,4.0,5.0,4.0,1.0,5.0,5.0,2.0,5.0
399,5.0,5.0,2.0,5.0,2.0,5.0,4.0,2.0,5.0,4.0,2.0,5.0
400,4.0,2.0,4.0,2.0,2.0,2.0,4.0,2.0,4.0,4.0,2.0,4.0
401,3.0,5.0,1.0,5.0,2.0,5.0,4.0,3.0,4.0,5.0,1.0,5.0
402,2.0,4.0,2.0,2.0,2.0,2.0,4.0,1.0,4.0,2.0,2.0,2.0
403,2.0,4.0,2.0,4.0,2.0,2.0,4.0,2.0,2.0,4.0,2.0,4.0
404,2.0,2.0,5.0,2.0,2.0,4.0,4.0,1.0,2.0,2.0,2.0,2.0
405,2.0,2.0,2.0,2.0,2.0,2.0,2.0,2.0,2.0,2.0,2.0,2.0
406,4.0,4.0,1.0,4.0,2.0,4.0,2.0,2.0,4.0,2.0,2.0,4.0
407,2.0,5.0,1.0,4.0,4.0,5.0,4.0,5.0,2.0,4.0,2.0,4.0
408,3.0,3.0,1.0,3.0,1.0,3.0,3.0,3.0,2.0,3.0,1.0,3.0
409,4.0,4.0,2.0,4.0,2.0,4.0,2.0,4.0,4.0,2.0,2.0,4.0
410,3.0,3.0,3.0,3.0,3.0,3.0,3.0,3.0,3.0,3.0,3.0,3.0
411,2.0,4.0,4.0,4.0,1.0,2.0,5.0,2.0,5.0,4.0,1.0,4.0
412,4.0,4.0,4.0,4.0,4.0,5.0,5.0,4.0,4.0,4.0,4.0,4.0
413,4.0,4.0,2.0,3.0,2.0,4.0,4.0,5.0,5.0,5.0,4.0,5.0
414,5.0,5.0,5.0,5.0,5.0,5.0,5.0,5.0,5.0,5.0,5.0,5.0
415,4.0,5.0,2.0,4.0,2.0,2.0,5.0,2.0,4.0,4.0,2.0,4.0
416,2.0,2.0,1.0,1.0,1.0,2.0,2.0,1.0,4.0,2.0,1.0,4.0
417,2.0,2.0,2.0,5.0,2.0,5.0,5.0,4.0,5.0,2.0,2.0,5.0
418,2.0,4.0,2.0,4.0,2.0,4.0,4.0,1.0,4.0,2.0,2.0,4.0
419,4.0,5.0,4.0,3.0,2.0,4.0,2.0,2.0,4.0,4.0,3.0,3.0
420,3.0,3.0,3.0,3.0,3.0,3.0,3.0,3.0,3.0,3.0,3.0,3.0
421,1.0,5.0,1.0,2.0,1.0,1.0,2.0,4.0,4.0,2.0,1.0,4.0
422,2.0,2.0,2.0,2.0,2.0,2.0,2.0,4.0,2.0,2.0,2.0,4.0
423,4.0,4.0,2.0,2.0,4.0,2.0,2.0,2.0,4.0,4.0,2.0,2.0
424,2.0,4.0,2.0,2.0,2.0,2.0,2.0,2.0,2.0,2.0,2.0,2.0
425,4.0,4.0,4.0,4.0,4.0,4.0,4.0,4.0,5.0,4.0,2.0,4.0
426,2.0,5.0,2.0,5.0,2.0,2.0,5.0,2.0,4.0,5.0,2.0,5.0
427,5.0,5.0,5.0,5.0,5.0,5.0,5.0,5.0,5.0,5.0,4.0,5.0
428,4.0,4.0,4.0,4.0,4.0,4.0,4.0,4.0,4.0,4.0,4.0,4.0
429,4.0,4.0,2.0,4.0,2.0,4.0,4.0,4.0,4.0,2.0,2.0,2.0
430,5.0,4.0,2.0,4.0,2.0,2.0,4.0,2.0,2.0,2.0,2.0,2.0
431,4.0,4.0,4.0,2.0,1.0,4.0,2.0,2.0,2.0,4.0,2.0,4.0
432,3.0,3.0,3.0,3.0,3.0,3.0,3.0,3.0,3.0,3.0,3.0,3.0
433,4.0,5.0,5.0,5.0,4.0,4.0,5.0,4.0,5.0,5.0,2.0,5.0
434,3.0,3.0,3.0,3.0,3.0,3.0,3.0,3.0,3.0,3.0,3.0,3.0
435,4.0,5.0,2.0,4.0,4.0,4.0,5.0,2.0,4.0,4.0,4.0,4.0
436,4.0,4.0,4.0,2.0,1.0,4.0,5.0,2.0,2.0,2.0,1.0,4.0
437,2.0,2.0,2.0,2.0,2.0,2.0,2.0,3.0,2.0,2.0,2.0,2.0
438,5.0,5.0,5.0,5.0,2.0,5.0,2.0,2.0,5.0,5.0,2.0,4.0
439,5.0,5.0,4.0,5.0,4.0,5.0,5.0,2.0,5.0,5.0,2.0,5.0
440,2.0,4.0,2.0,2.0,2.0,2.0,2.0,2.0,2.0,2.0,2.0,2.0
441,4.0,5.0,2.0,2.0,4.0,2.0,4.0,2.0,2.0,2.0,2.0,2.0
442,4.0,4.0,4.0,4.0,4.0,4.0,4.0,4.0,4.0,4.0,4.0,4.0
443,5.0,5.0,5.0,3.0,3.0,3.0,5.0,5.0,4.0,5.0,5.0,5.0
444,5.0,5.0,4.0,4.0,2.0,2.0,5.0,2.0,5.0,2.0,2.0,4.0
445,5.0,5.0,4.0,4.0,4.0,5.0,4.0,4.0,5.0,5.0,4.0,2.0
446,2.0,4.0,2.0,2.0,2.0,2.0,4.0,3.0,2.0,2.0,2.0,2.0
447,5.0,5.0,5.0,5.0,4.0,5.0,4.0,2.0,5.0,5.0,2.0,5.0
448,4.0,5.0,4.0,4.0,2.0,5.0,5.0,2.0,4.0,4.0,2.0,4.0
449,1.0,1.0,2.0,2.0,2.0,2.0,2.0,4.0,2.0,4.0,4.0,2.0
450,4.0,4.0,2.0,4.0,4.0,4.0,4.0,4.0,4.0,4.0,2.0,4.0
451,2.0,5.0,1.0,5.0,1.0,2.0,5.0,2.0,5.0,2.0,1.0,5.0
452,4.0,4.0,5.0,4.0,2.0,4.0,4.0,1.0,5.0,5.0,2.0,4.0
453,1.0,2.0,2.0,2.0,1.0,1.0,1.0,1.0,2.0,1.0,1.0,2.0
454,2.0,5.0,5.0,4.0,2.0,4.0,5.0,4.0,1.0,2.0,5.0,4.0
455,2.0,2.0,4.0,1.0,4.0,2.0,5.0,4.0,1.0,5.0,2.0,5.0
456,4.0,4.0,4.0,4.0,2.0,4.0,4.0,2.0,4.0,4.0,2.0,4.0
457,4.0,4.0,4.0,4.0,1.0,4.0,4.0,4.0,2.0,2.0,1.0,4.0
458,4.0,4.0,2.0,4.0,2.0,4.0,4.0,2.0,4.0,4.0,2.0,4.0
459,4.0,4.0,2.0,5.0,1.0,5.0,2.0,1.0,5.0,5.0,2.0,5.0
460,5.0,5.0,3.0,4.0,1.0,2.0,5.0,5.0,2.0,5.0,1.0,4.0
461,4.0,5.0,1.0,4.0,1.0,4.0,4.0,4.0,4.0,4.0,1.0,5.0
462,2.0,2.0,2.0,2.0,2.0,2.0,2.0,2.0,2.0,2.0,2.0,2.0
463,2.0,4.0,5.0,5.0,2.0,4.0,3.0,2.0,5.0,3.0,1.0,3.0
464,5.0,5.0,2.0,5.0,2.0,4.0,4.0,2.0,5.0,5.0,2.0,5.0
465,2.0,2.0,2.0,2.0,2.0,2.0,2.0,2.0,2.0,2.0,2.0,2.0
466,4.0,5.0,1.0,5.0,2.0,5.0,4.0,1.0,4.0,2.0,4.0,5.0
467,2.0,4.0,4.0,3.0,2.0,4.0,2.0,2.0,2.0,2.0,2.0,3.0
468,5.0,5.0,5.0,5.0,3.0,3.0,3.0,3.0,5.0,5.0,3.0,5.0
469,4.0,4.0,2.0,2.0,2.0,4.0,3.0,3.0,2.0,2.0,2.0,3.0
470,5.0,5.0,5.0,5.0,5.0,2.0,5.0,2.0,5.0,5.0,4.0,5.0
471,4.0,3.0,2.0,5.0,2.0,5.0,3.0,3.0,4.0,4.0,2.0,5.0
472,5.0,5.0,5.0,5.0,5.0,5.0,5.0,5.0,5.0,5.0,4.0,5.0
473,1.0,2.0,2.0,2.0,1.0,2.0,2.0,2.0,2.0,2.0,1.0,2.0
474,1.0,2.0,2.0,4.0,1.0,1.0,4.0,2.0,4.0,2.0,1.0,4.0
475,5.0,4.0,1.0,3.0,5.0,5.0,4.0,2.0,1.0,4.0,2.0,2.0
476,2.0,4.0,2.0,5.0,2.0,4.0,2.0,2.0,5.0,4.0,2.0,4.0
477,4.0,4.0,1.0,4.0,2.0,5.0,4.0,5.0,5.0,5.0,1.0,2.0
478,2.0,1.0,1.0,4.0,1.0,2.0,2.0,2.0,2.0,1.0,1.0,2.0
479,2.0,5.0,2.0,4.0,5.0,3.0,5.0,2.0,5.0,5.0,4.0,5.0
480,4.0,4.0,2.0,4.0,2.0,4.0,4.0,4.0,4.0,4.0,1.0,2.0
481,3.0,2.0,3.0,3.0,2.0,3.0,3.0,2.0,2.0,2.0,2.0,3.0
482,2.0,2.0,2.0,2.0,2.0,2.0,2.0,2.0,2.0,2.0,2.0,2.0
483,5.0,5.0,5.0,4.0,2.0,4.0,3.0,5.0,5.0,5.0,2.0,2.0
484,5.0,5.0,2.0,5.0,2.0,4.0,4.0,5.0,5.0,5.0,2.0,2.0
485,2.0,4.0,1.0,2.0,2.0,2.0,3.0,2.0,2.0,3.0,1.0,3.0
486,1.0,2.0,1.0,1.0,1.0,1.0,2.0,2.0,4.0,5.0,2.0,4.0
487,2.0,4.0,2.0,4.0,1.0,2.0,2.0,2.0,4.0,2.0,1.0,4.0
488,2.0,2.0,2.0,4.0,2.0,4.0,5.0,1.0,5.0,2.0,2.0,4.0
489,4.0,4.0,4.0,4.0,4.0,2.0,4.0,2.0,2.0,4.0,2.0,4.0
490,5.0,5.0,5.0,5.0,4.0,4.0,2.0,4.0,5.0,4.0,4.0,5.0
491,4.0,5.0,2.0,5.0,4.0,5.0,4.0,2.0,5.0,5.0,2.0,4.0
492,5.0,4.0,4.0,5.0,2.0,5.0,5.0,4.0,5.0,5.0,2.0,5.0
493,2.0,4.0,4.0,1.0,2.0,4.0,2.0,2.0,4.0,2.0,2.0,4.0
494,2.0,5.0,2.0,2.0,2.0,2.0,4.0,2.0,2.0,2.0,2.0,2.0
495,2.0,4.0,5.0,5.0,2.0,4.0,5.0,2.0,5.0,2.0,1.0,5.0
496,2.0,4.0,1.0,2.0,2.0,2.0,2.0,4.0,1.0,4.0,2.0,2.0
497,1.0,4.0,1.0,1.0,2.0,2.0,4.0,2.0,4.0,2.0,1.0,1.0
498,3.0,3.0,2.0,3.0,3.0,3.0,3.0,3.0,3.0,3.0,3.0,3.0
499,2.0,2.0,2.0,2.0,2.0,2.0,2.0,2.0,2.0,2.0,1.0,2.0
500,1.0,1.0,1.0,1.0,1.0,1.0,1.0,1.0,1.0,1.0,1.0,1.0
501,4.0,4.0,4.0,4.0,2.0,4.0,2.0,4.0,4.0,4.0,2.0,4.0
502,5.0,4.0,5.0,5.0,2.0,5.0,5.0,2.0,5.0,5.0,2.0,5.0
503,3.0,3.0,3.0,3.0,3.0,3.0,3.0,3.0,3.0,3.0,3.0,3.0
504,4.0,5.0,1.0,3.0,2.0,4.0,2.0,5.0,4.0,4.0,2.0,4.0
505,5.0,4.0,4.0,4.0,2.0,4.0,4.0,2.0,4.0,4.0,2.0,4.0
506,3.0,5.0,3.0,5.0,2.0,4.0,3.0,4.0,5.0,5.0,4.0,5.0
507,5.0,5.0,2.0,5.0,3.0,2.0,3.0,2.0,5.0,3.0,2.0,3.0
508,4.0,5.0,4.0,4.0,2.0,4.0,2.0,2.0,4.0,4.0,2.0,4.0
509,5.0,4.0,2.0,2.0,1.0,4.0,2.0,2.0,5.0,4.0,2.0,1.0
510,2.0,4.0,2.0,2.0,2.0,2.0,2.0,2.0,2.0,2.0,2.0,2.0
511,2.0,4.0,1.0,4.0,2.0,2.0,2.0,2.0,4.0,2.0,1.0,2.0
512,2.0,2.0,2.0,2.0,1.0,2.0,2.0,2.0,2.0,2.0,1.0,2.0
513,1.0,4.0,1.0,4.0,1.0,2.0,4.0,2.0,2.0,4.0,1.0,4.0
514,5.0,5.0,2.0,4.0,2.0,5.0,2.0,5.0,4.0,4.0,4.0,5.0
515,3.0,4.0,2.0,3.0,2.0,3.0,3.0,3.0,4.0,2.0,1.0,3.0
516,2.0,4.0,2.0,2.0,2.0,2.0,4.0,2.0,2.0,2.0,2.0,2.0
517,4.0,4.0,2.0,4.0,2.0,4.0,2.0,4.0,4.0,4.0,2.0,4.0
518,1.0,4.0,1.0,4.0,1.0,4.0,4.0,2.0,4.0,4.0,2.0,4.0
519,4.0,5.0,4.0,5.0,4.0,5.0,5.0,2.0,5.0,5.0,2.0,5.0
520,4.0,2.0,2.0,4.0,4.0,4.0,2.0,2.0,5.0,4.0,2.0,4.0
521,2.0,4.0,2.0,2.0,1.0,2.0,4.0,1.0,2.0,2.0,1.0,2.0
522,4.0,4.0,1.0,2.0,1.0,2.0,2.0,2.0,2.0,1.0,1.0,2.0
523,5.0,4.0,2.0,4.0,2.0,5.0,2.0,4.0,2.0,4.0,2.0,4.0
524,4.0,4.0,1.0,4.0,1.0,2.0,2.0,2.0,4.0,2.0,1.0,4.0
525,2.0,4.0,2.0,5.0,1.0,2.0,5.0,2.0,4.0,4.0,2.0,5.0
526,2.0,4.0,2.0,4.0,2.0,4.0,5.0,2.0,4.0,2.0,2.0,4.0
527,2.0,5.0,4.0,4.0,2.0,2.0,4.0,2.0,4.0,4.0,2.0,3.0
528,4.0,4.0,2.0,2.0,2.0,2.0,2.0,2.0,4.0,2.0,2.0,2.0
529,1.0,4.0,2.0,3.0,1.0,2.0,4.0,2.0,2.0,2.0,1.0,4.0
530,2.0,3.0,2.0,4.0,1.0,3.0,3.0,2.0,2.0,2.0,1.0,2.0
531,2.0,5.0,2.0,5.0,2.0,2.0,2.0,2.0,5.0,2.0,2.0,2.0
532,5.0,5.0,2.0,4.0,2.0,5.0,4.0,5.0,5.0,4.0,1.0,4.0
533,2.0,4.0,2.0,2.0,2.0,2.0,2.0,2.0,4.0,2.0,2.0,2.0
534,4.0,5.0,2.0,4.0,2.0,4.0,3.0,5.0,1.0,3.0,2.0,4.0
535,2.0,4.0,4.0,5.0,2.0,4.0,5.0,2.0,5.0,2.0,1.0,4.0
536,5.0,5.0,2.0,2.0,1.0,4.0,2.0,4.0,4.0,2.0,1.0,2.0
537,1.0,2.0,2.0,2.0,2.0,2.0,1.0,2.0,2.0,1.0,1.0,2.0
538,5.0,4.0,4.0,4.0,2.0,2.0,4.0,4.0,5.0,2.0,2.0,5.0
539,2.0,4.0,1.0,4.0,1.0,2.0,2.0,2.0,5.0,5.0,1.0,2.0
540,2.0,1.0,2.0,1.0,1.0,1.0,1.0,2.0,1.0,1.0,1.0,2.0
541,4.0,4.0,2.0,4.0,2.0,4.0,5.0,2.0,4.0,4.0,4.0,4.0
542,5.0,5.0,5.0,4.0,2.0,4.0,4.0,2.0,5.0,4.0,4.0,5.0
543,5.0,5.0,5.0,5.0,2.0,5.0,5.0,2.0,5.0,5.0,2.0,5.0
544,3.0,2.0,2.0,3.0,2.0,2.0,5.0,2.0,2.0,2.0,2.0,3.0
545,4.0,5.0,4.0,2.0,2.0,4.0,4.0,5.0,4.0,4.0,2.0,2.0
546,4.0,4.0,4.0,4.0,2.0,4.0,4.0,2.0,4.0,4.0,2.0,4.0
547,5.0,5.0,4.0,2.0,2.0,4.0,4.0,5.0,1.0,2.0,2.0,2.0
548,4.0,5.0,4.0,4.0,4.0,4.0,4.0,4.0,5.0,4.0,2.0,5.0
549,5.0,5.0,1.0,4.0,2.0,2.0,4.0,4.0,2.0,2.0,2.0,4.0
550,2.0,4.0,4.0,4.0,2.0,2.0,4.0,2.0,2.0,2.0,2.0,4.0
551,4.0,4.0,2.0,5.0,4.0,4.0,4.0,2.0,5.0,2.0,2.0,5.0
552,1.0,4.0,1.0,4.0,1.0,4.0,4.0,2.0,2.0,2.0,1.0,4.0
553,4.0,4.0,2.0,4.0,2.0,4.0,2.0,2.0,2.0,2.0,2.0,2.0
554,2.0,5.0,2.0,5.0,5.0,5.0,5.0,4.0,5.0,5.0,2.0,5.0
555,2.0,2.0,2.0,4.0,1.0,4.0,2.0,4.0,4.0,2.0,1.0,1.0
556,2.0,2.0,2.0,2.0,2.0,2.0,2.0,2.0,2.0,2.0,2.0,2.0
557,2.0,2.0,1.0,2.0,2.0,2.0,1.0,2.0,2.0,4.0,1.0,2.0
558,3.0,5.0,2.0,5.0,4.0,2.0,4.0,5.0,5.0,5.0,2.0,3.0
559,2.0,4.0,4.0,4.0,2.0,2.0,4.0,2.0,5.0,4.0,2.0,5.0
560,2.0,4.0,1.0,2.0,2.0,2.0,2.0,2.0,2.0,2.0,1.0,2.0
561,4.0,5.0,2.0,2.0,2.0,4.0,4.0,2.0,4.0,4.0,2.0,2.0
562,4.0,5.0,4.0,5.0,2.0,5.0,4.0,2.0,5.0,4.0,4.0,5.0
563,2.0,2.0,2.0,2.0,2.0,2.0,2.0,4.0,2.0,2.0,2.0,2.0
564,3.0,3.0,2.0,3.0,2.0,2.0,3.0,2.0,3.0,3.0,2.0,2.0
565,1.0,2.0,2.0,5.0,5.0,5.0,5.0,2.0,5.0,5.0,1.0,5.0
566,2.0,2.0,1.0,2.0,2.0,4.0,1.0,2.0,2.0,4.0,2.0,2.0
567,3.0,3.0,3.0,3.0,3.0,3.0,3.0,3.0,3.0,3.0,3.0,3.0
568,2.0,2.0,2.0,4.0,1.0,2.0,4.0,2.0,4.0,5.0,1.0,4.0
569,4.0,4.0,4.0,4.0,2.0,4.0,4.0,2.0,4.0,4.0,2.0,4.0
570,4.0,5.0,2.0,5.0,4.0,5.0,4.0,5.0,4.0,4.0,4.0,3.0
571,3.0,3.0,3.0,3.0,3.0,3.0,3.0,3.0,3.0,3.0,3.0,3.0
572,2.0,4.0,2.0,2.0,1.0,4.0,2.0,4.0,1.0,2.0,1.0,2.0
573,1.0,4.0,1.0,2.0,1.0,2.0,4.0,2.0,2.0,1.0,1.0,2.0
574,5.0,5.0,5.0,5.0,2.0,5.0,5.0,5.0,5.0,5.0,2.0,5.0
575,4.0,5.0,1.0,4.0,4.0,2.0,3.0,4.0,5.0,4.0,4.0,4.0
576,4.0,5.0,4.0,5.0,3.0,4.0,5.0,4.0,5.0,5.0,2.0,4.0
577,4.0,4.0,4.0,4.0,4.0,4.0,4.0,4.0,4.0,4.0,4.0,4.0
578,2.0,4.0,2.0,5.0,3.0,3.0,3.0,3.0,3.0,2.0,2.0,3.0
579,4.0,5.0,2.0,2.0,2.0,4.0,4.0,2.0,2.0,2.0,2.0,2.0
580,5.0,5.0,5.0,5.0,4.0,3.0,5.0,3.0,5.0,5.0,3.0,3.0
581,2.0,5.0,2.0,4.0,2.0,2.0,4.0,2.0,4.0,2.0,1.0,2.0
582,1.0,4.0,1.0,1.0,2.0,2.0,1.0,4.0,2.0,2.0,1.0,2.0
583,2.0,4.0,2.0,2.0,1.0,2.0,2.0,2.0,2.0,2.0,2.0,2.0
584,2.0,4.0,2.0,4.0,1.0,1.0,2.0,1.0,2.0,2.0,1.0,5.0
585,3.0,4.0,3.0,3.0,3.0,4.0,3.0,3.0,2.0,2.0,1.0,4.0
586,4.0,4.0,4.0,2.0,2.0,4.0,4.0,2.0,5.0,4.0,2.0,4.0
587,5.0,5.0,2.0,4.0,2.0,4.0,2.0,3.0,4.0,4.0,2.0,2.0
588,2.0,4.0,2.0,2.0,2.0,4.0,4.0,4.0,2.0,2.0,2.0,2.0
589,2.0,4.0,2.0,3.0,2.0,3.0,2.0,4.0,2.0,2.0,2.0,1.0
590,2.0,4.0,4.0,2.0,1.0,4.0,4.0,1.0,2.0,2.0,1.0,2.0
591,4.0,4.0,2.0,2.0,1.0,2.0,4.0,2.0,4.0,2.0,2.0,4.0
592,1.0,5.0,1.0,4.0,2.0,4.0,2.0,4.0,1.0,2.0,1.0,4.0
593,4.0,5.0,2.0,2.0,2.0,2.0,4.0,2.0,4.0,4.0,2.0,2.0
594,4.0,5.0,2.0,5.0,2.0,4.0,4.0,2.0,5.0,4.0,2.0,4.0
595,2.0,2.0,1.0,1.0,1.0,1.0,2.0,2.0,1.0,2.0,2.0,1.0
596,2.0,2.0,2.0,4.0,2.0,2.0,2.0,2.0,4.0,2.0,2.0,4.0
597,2.0,4.0,2.0,2.0,2.0,4.0,4.0,2.0,2.0,2.0,1.0,2.0
598,2.0,5.0,2.0,2.0,2.0,4.0,4.0,2.0,5.0,4.0,2.0,2.0
599,5.0,5.0,5.0,5.0,5.0,5.0,5.0,5.0,5.0,5.0,5.0,5.0
600,4.0,4.0,2.0,4.0,2.0,4.0,4.0,2.0,4.0,2.0,2.0,4.0
601,4.0,4.0,2.0,4.0,2.0,4.0,4.0,2.0,4.0,2.0,2.0,4.0
602,2.0,2.0,1.0,4.0,2.0,4.0,4.0,2.0,5.0,2.0,2.0,4.0
603,4.0,2.0,2.0,2.0,2.0,2.0,4.0,2.0,2.0,2.0,2.0,2.0
604,2.0,2.0,2.0,4.0,2.0,2.0,4.0,2.0,2.0,2.0,2.0,4.0
605,4.0,4.0,4.0,4.0,2.0,2.0,2.0,2.0,4.0,2.0,2.0,4.0
606,2.0,4.0,2.0,4.0,2.0,2.0,4.0,2.0,5.0,2.0,1.0,4.0
607,2.0,2.0,2.0,4.0,1.0,2.0,4.0,2.0,2.0,2.0,2.0,4.0
608,2.0,4.0,4.0,5.0,2.0,2.0,4.0,1.0,5.0,5.0,2.0,5.0
609,2.0,2.0,2.0,2.0,2.0,2.0,2.0,2.0,2.0,2.0,2.0,2.0
610,5.0,5.0,2.0,5.0,4.0,4.0,4.0,2.0,5.0,2.0,4.0,5.0
611,2.0,4.0,2.0,4.0,2.0,4.0,2.0,4.0,5.0,5.0,2.0,4.0
612,2.0,4.0,2.0,4.0,2.0,4.0,2.0,2.0,4.0,4.0,2.0,4.0
613,2.0,4.0,4.0,4.0,2.0,2.0,4.0,2.0,4.0,2.0,1.0,4.0
614,4.0,4.0,2.0,4.0,2.0,4.0,2.0,2.0,5.0,2.0,2.0,4.0
615,4.0,4.0,4.0,5.0,4.0,5.0,5.0,2.0,5.0,5.0,4.0,5.0
616,2.0,2.0,2.0,3.0,1.0,3.0,2.0,5.0,4.0,3.0,1.0,5.0
617,2.0,4.0,2.0,2.0,2.0,4.0,2.0,4.0,2.0,2.0,2.0,2.0
618,1.0,4.0,1.0,2.0,2.0,2.0,2.0,2.0,2.0,2.0,1.0,2.0
619,4.0,5.0,2.0,5.0,2.0,2.0,4.0,4.0,5.0,2.0,2.0,5.0
620,1.0,1.0,1.0,1.0,1.0,1.0,1.0,1.0,1.0,1.0,1.0,1.0
621,4.0,5.0,4.0,4.0,1.0,5.0,2.0,2.0,5.0,4.0,1.0,5.0
622,5.0,4.0,2.0,3.0,3.0,4.0,3.0,3.0,3.0,3.0,2.0,3.0
623,2.0,2.0,4.0,4.0,2.0,4.0,4.0,4.0,4.0,4.0,2.0,4.0
624,2.0,5.0,2.0,2.0,2.0,2.0,4.0,2.0,2.0,4.0,2.0,2.0
625,4.0,5.0,2.0,5.0,2.0,5.0,4.0,5.0,4.0,4.0,1.0,5.0
626,5.0,5.0,2.0,5.0,4.0,4.0,4.0,5.0,5.0,2.0,2.0,5.0
627,5.0,5.0,5.0,5.0,1.0,5.0,2.0,4.0,5.0,5.0,2.0,5.0
628,2.0,4.0,2.0,4.0,2.0,2.0,4.0,3.0,4.0,3.0,2.0,4.0
629,2.0,4.0,2.0,4.0,2.0,4.0,4.0,4.0,5.0,4.0,1.0,4.0
630,2.0,4.0,2.0,4.0,1.0,4.0,4.0,2.0,4.0,2.0,2.0,4.0
631,1.0,1.0,1.0,1.0,1.0,1.0,1.0,1.0,1.0,1.0,1.0,1.0
632,4.0,2.0,2.0,2.0,2.0,2.0,4.0,4.0,2.0,2.0,2.0,2.0
633,1.0,2.0,1.0,2.0,1.0,2.0,2.0,2.0,1.0,2.0,2.0,1.0
634,4.0,5.0,1.0,4.0,2.0,2.0,2.0,4.0,4.0,4.0,1.0,2.0
635,2.0,2.0,2.0,4.0,1.0,2.0,2.0,5.0,4.0,2.0,2.0,2.0
636,2.0,4.0,2.0,2.0,1.0,2.0,2.0,1.0,2.0,2.0,2.0,2.0
637,5.0,4.0,5.0,5.0,2.0,5.0,5.0,4.0,5.0,5.0,2.0,4.0
638,4.0,4.0,2.0,2.0,2.0,2.0,2.0,2.0,2.0,2.0,2.0,4.0
639,4.0,5.0,1.0,5.0,4.0,4.0,4.0,1.0,5.0,5.0,1.0,4.0
640,5.0,4.0,4.0,5.0,2.0,4.0,4.0,2.0,5.0,5.0,4.0,5.0
641,5.0,5.0,5.0,3.0,3.0,5.0,5.0,5.0,5.0,5.0,3.0,5.0
642,2.0,3.0,2.0,2.0,2.0,2.0,2.0,4.0,2.0,2.0,2.0,3.0
643,4.0,4.0,2.0,4.0,4.0,4.0,2.0,5.0,4.0,4.0,2.0,4.0
644,2.0,4.0,2.0,2.0,1.0,4.0,4.0,1.0,5.0,4.0,4.0,2.0
645,4.0,1.0,2.0,2.0,1.0,2.0,1.0,1.0,2.0,2.0,1.0,2.0
646,4.0,5.0,2.0,4.0,1.0,5.0,2.0,2.0,5.0,5.0,4.0,5.0
647,2.0,3.0,2.0,4.0,3.0,2.0,4.0,2.0,3.0,3.0,2.0,2.0
648,4.0,2.0,3.0,4.0,1.0,4.0,3.0,5.0,5.0,5.0,1.0,2.0
649,3.0,5.0,2.0,3.0,3.0,3.0,4.0,3.0,3.0,2.0,4.0,3.0
650,2.0,4.0,3.0,3.0,2.0,4.0,4.0,2.0,2.0,2.0,2.0,4.0
651,4.0,4.0,2.0,4.0,2.0,4.0,4.0,4.0,4.0,4.0,2.0,4.0
652,4.0,5.0,2.0,2.0,2.0,2.0,4.0,2.0,4.0,5.0,2.0,4.0
653,2.0,5.0,2.0,4.0,2.0,4.0,5.0,2.0,2.0,2.0,1.0,4.0
654,3.0,5.0,2.0,5.0,2.0,2.0,4.0,2.0,3.0,2.0,2.0,5.0
655,1.0,5.0,1.0,4.0,1.0,4.0,4.0,2.0,5.0,4.0,1.0,4.0
656,2.0,5.0,4.0,4.0,5.0,5.0,4.0,4.0,5.0,5.0,4.0,5.0
657,4.0,4.0,4.0,4.0,4.0,4.0,4.0,4.0,4.0,4.0,2.0,4.0
658,5.0,4.0,2.0,4.0,2.0,4.0,4.0,4.0,4.0,2.0,1.0,2.0
659,5.0,4.0,2.0,5.0,1.0,5.0,2.0,2.0,5.0,5.0,1.0,5.0
660,2.0,4.0,2.0,2.0,2.0,2.0,2.0,2.0,2.0,2.0,2.0,2.0
661,5.0,4.0,2.0,5.0,2.0,4.0,4.0,2.0,5.0,4.0,2.0,5.0
662,2.0,4.0,2.0,2.0,2.0,2.0,2.0,2.0,2.0,2.0,2.0,2.0
663,5.0,5.0,2.0,5.0,4.0,5.0,4.0,5.0,5.0,5.0,2.0,5.0
664,1.0,2.0,1.0,2.0,1.0,2.0,4.0,3.0,2.0,2.0,1.0,2.0
665,3.0,3.0,3.0,5.0,2.0,2.0,2.0,2.0,5.0,2.0,2.0,5.0
666,2.0,2.0,2.0,2.0,2.0,2.0,2.0,2.0,2.0,2.0,2.0,2.0
667,1.0,5.0,1.0,1.0,1.0,1.0,1.0,1.0,1.0,1.0,1.0,1.0
668,5.0,5.0,5.0,5.0,1.0,5.0,5.0,5.0,5.0,5.0,1.0,5.0
669,4.0,4.0,5.0,5.0,2.0,4.0,4.0,1.0,5.0,2.0,2.0,4.0
670,2.0,1.0,1.0,2.0,2.0,4.0,1.0,4.0,2.0,4.0,1.0,2.0
671,4.0,5.0,2.0,4.0,1.0,5.0,4.0,3.0,4.0,2.0,2.0,4.0
672,4.0,5.0,5.0,5.0,1.0,4.0,5.0,4.0,5.0,4.0,2.0,5.0
673,2.0,4.0,2.0,4.0,2.0,4.0,2.0,1.0,4.0,2.0,2.0,4.0
674,4.0,4.0,4.0,4.0,2.0,4.0,4.0,2.0,4.0,2.0,2.0,4.0
675,2.0,4.0,2.0,3.0,2.0,2.0,4.0,2.0,3.0,4.0,2.0,3.0
676,5.0,2.0,4.0,4.0,1.0,4.0,4.0,2.0,5.0,1.0,2.0,4.0
677,1.0,2.0,1.0,1.0,1.0,1.0,2.0,1.0,1.0,1.0,1.0,1.0
678,5.0,4.0,2.0,5.0,4.0,5.0,4.0,2.0,5.0,5.0,2.0,4.0
679,5.0,5.0,5.0,5.0,5.0,5.0,2.0,5.0,5.0,5.0,4.0,4.0
680,2.0,2.0,2.0,2.0,2.0,2.0,2.0,1.0,2.0,2.0,2.0,2.0
681,2.0,5.0,2.0,5.0,1.0,5.0,5.0,1.0,5.0,2.0,2.0,5.0
682,4.0,4.0,2.0,4.0,2.0,4.0,4.0,2.0,4.0,4.0,2.0,4.0
683,4.0,5.0,5.0,5.0,2.0,5.0,2.0,5.0,5.0,5.0,2.0,5.0
684,2.0,4.0,2.0,2.0,2.0,4.0,2.0,4.0,2.0,2.0,2.0,2.0
685,2.0,4.0,4.0,4.0,2.0,2.0,4.0,2.0,4.0,4.0,2.0,4.0
686,5.0,5.0,4.0,4.0,2.0,4.0,4.0,3.0,4.0,4.0,4.0,4.0
687,2.0,2.0,2.0,2.0,2.0,2.0,2.0,2.0,2.0,2.0,2.0,2.0
688,5.0,5.0,5.0,5.0,5.0,5.0,5.0,5.0,5.0,5.0,5.0,5.0
689,4.0,4.0,4.0,5.0,1.0,5.0,4.0,4.0,5.0,2.0,1.0,5.0
690,2.0,4.0,2.0,2.0,2.0,2.0,4.0,2.0,2.0,2.0,2.0,4.0
691,2.0,4.0,2.0,2.0,1.0,2.0,2.0,2.0,2.0,2.0,2.0,2.0
692,2.0,4.0,2.0,4.0,1.0,4.0,2.0,4.0,2.0,2.0,2.0,4.0
693,4.0,4.0,2.0,2.0,2.0,2.0,4.0,2.0,2.0,2.0,2.0,2.0
694,2.0,4.0,2.0,3.0,2.0,2.0,2.0,4.0,2.0,2.0,2.0,2.0
695,2.0,4.0,2.0,3.0,2.0,3.0,4.0,3.0,4.0,2.0,1.0,2.0
696,4.0,4.0,2.0,4.0,2.0,4.0,2.0,4.0,2.0,2.0,2.0,4.0
697,5.0,4.0,1.0,5.0,2.0,4.0,2.0,2.0,5.0,4.0,1.0,5.0
698,2.0,4.0,2.0,4.0,2.0,4.0,2.0,4.0,2.0,2.0,2.0,4.0
699,5.0,5.0,5.0,5.0,2.0,5.0,5.0,5.0,5.0,5.0,2.0,5.0
700,2.0,2.0,2.0,2.0,1.0,4.0,4.0,2.0,2.0,2.0,1.0,2.0
701,4.0,5.0,2.0,5.0,5.0,4.0,5.0,2.0,5.0,5.0,4.0,5.0
702,2.0,4.0,2.0,2.0,2.0,4.0,4.0,2.0,5.0,2.0,4.0,2.0
703,3.0,4.0,2.0,3.0,2.0,3.0,4.0,2.0,3.0,3.0,2.0,3.0
704,4.0,5.0,2.0,5.0,2.0,4.0,4.0,2.0,5.0,4.0,2.0,5.0
705,2.0,5.0,3.0,3.0,3.0,3.0,3.0,5.0,4.0,4.0,3.0,3.0
706,4.0,5.0,2.0,5.0,2.0,4.0,5.0,2.0,5.0,2.0,2.0,5.0
707,4.0,5.0,5.0,4.0,2.0,4.0,4.0,4.0,5.0,2.0,2.0,4.0
708,4.0,4.0,4.0,5.0,2.0,4.0,2.0,5.0,5.0,2.0,2.0,5.0
709,5.0,4.0,2.0,2.0,3.0,4.0,4.0,4.0,2.0,2.0,2.0,5.0
710,4.0,2.0,4.0,2.0,1.0,4.0,4.0,2.0,2.0,2.0,2.0,4.0
711,2.0,5.0,5.0,5.0,2.0,3.0,2.0,2.0,5.0,2.0,1.0,5.0
712,1.0,1.0,1.0,1.0,1.0,1.0,1.0,1.0,1.0,1.0,1.0,1.0
713,2.0,4.0,2.0,4.0,2.0,2.0,4.0,5.0,4.0,4.0,2.0,4.0
714,5.0,5.0,2.0,5.0,2.0,4.0,5.0,4.0,5.0,2.0,1.0,5.0
715,2.0,4.0,5.0,4.0,2.0,4.0,5.0,2.0,4.0,4.0,1.0,5.0
716,5.0,5.0,5.0,5.0,2.0,5.0,4.0,2.0,5.0,5.0,2.0,5.0
717,2.0,5.0,2.0,2.0,2.0,2.0,2.0,2.0,2.0,2.0,2.0,2.0
718,2.0,2.0,2.0,2.0,1.0,2.0,2.0,1.0,2.0,1.0,1.0,2.0
719,4.0,2.0,5.0,4.0,2.0,4.0,4.0,5.0,5.0,4.0,2.0,4.0
720,2.0,4.0,2.0,3.0,2.0,2.0,2.0,3.0,2.0,2.0,2.0,3.0
721,5.0,4.0,1.0,4.0,1.0,4.0,2.0,4.0,4.0,5.0,2.0,2.0
722,2.0,2.0,2.0,4.0,1.0,2.0,4.0,2.0,5.0,4.0,2.0,2.0
723,4.0,5.0,4.0,4.0,5.0,4.0,5.0,4.0,2.0,5.0,5.0,4.0
724,2.0,2.0,2.0,2.0,2.0,2.0,2.0,2.0,2.0,3.0,1.0,2.0
725,2.0,2.0,2.0,3.0,2.0,2.0,3.0,3.0,2.0,3.0,2.0,3.0
726,5.0,5.0,5.0,5.0,4.0,5.0,5.0,5.0,5.0,4.0,4.0,5.0
727,4.0,4.0,2.0,2.0,2.0,4.0,2.0,4.0,2.0,4.0,2.0,4.0
728,4.0,4.0,2.0,4.0,4.0,4.0,2.0,4.0,4.0,4.0,4.0,4.0
729,4.0,4.0,4.0,4.0,2.0,4.0,5.0,2.0,4.0,4.0,2.0,3.0
730,5.0,5.0,2.0,4.0,1.0,4.0,5.0,4.0,4.0,4.0,1.0,4.0
731,5.0,5.0,5.0,5.0,5.0,4.0,5.0,4.0,5.0,5.0,2.0,5.0
732,2.0,4.0,2.0,4.0,2.0,2.0,5.0,2.0,2.0,2.0,1.0,4.0
733,2.0,4.0,1.0,2.0,2.0,2.0,4.0,4.0,2.0,2.0,2.0,2.0
734,4.0,5.0,1.0,4.0,2.0,4.0,4.0,5.0,2.0,4.0,1.0,4.0
735,2.0,4.0,1.0,3.0,1.0,2.0,3.0,4.0,1.0,1.0,1.0,3.0
736,4.0,4.0,2.0,5.0,2.0,4.0,2.0,2.0,5.0,4.0,2.0,5.0
737,2.0,2.0,2.0,4.0,1.0,2.0,2.0,2.0,4.0,1.0,1.0,2.0
738,4.0,4.0,2.0,4.0,2.0,4.0,2.0,2.0,4.0,2.0,2.0,1.0
739,2.0,4.0,2.0,2.0,2.0,2.0,2.0,2.0,2.0,2.0,2.0,2.0
740,2.0,4.0,3.0,3.0,2.0,2.0,2.0,2.0,3.0,2.0,2.0,3.0
741,2.0,2.0,2.0,2.0,1.0,4.0,4.0,3.0,4.0,2.0,2.0,4.0
742,2.0,4.0,2.0,4.0,2.0,3.0,4.0,3.0,2.0,3.0,2.0,3.0
743,4.0,4.0,4.0,4.0,4.0,4.0,4.0,4.0,4.0,4.0,4.0,4.0
744,2.0,2.0,2.0,2.0,2.0,2.0,1.0,2.0,2.0,2.0,2.0,2.0
745,2.0,5.0,4.0,1.0,4.0,2.0,4.0,4.0,4.0,2.0,5.0,2.0
746,4.0,4.0,1.0,4.0,1.0,4.0,4.0,2.0,4.0,4.0,2.0,4.0
747,4.0,5.0,2.0,2.0,2.0,4.0,2.0,2.0,2.0,4.0,4.0,4.0
748,5.0,5.0,1.0,5.0,2.0,5.0,2.0,4.0,4.0,4.0,2.0,4.0
749,2.0,4.0,2.0,2.0,2.0,4.0,2.0,2.0,5.0,4.0,2.0,5.0
750,4.0,5.0,2.0,5.0,2.0,4.0,5.0,5.0,2.0,5.0,2.0,5.0
751,2.0,4.0,2.0,4.0,2.0,4.0,5.0,2.0,4.0,4.0,2.0,4.0
752,2.0,5.0,4.0,2.0,2.0,4.0,5.0,4.0,4.0,5.0,2.0,2.0
753,2.0,5.0,3.0,2.0,2.0,2.0,4.0,2.0,5.0,4.0,2.0,2.0
754,5.0,5.0,5.0,5.0,5.0,5.0,5.0,5.0,5.0,5.0,5.0,5.0
755,5.0,2.0,2.0,2.0,2.0,2.0,2.0,2.0,2.0,2.0,1.0,2.0
756,2.0,4.0,4.0,2.0,1.0,4.0,4.0,2.0,2.0,2.0,2.0,2.0
757,4.0,4.0,2.0,2.0,2.0,4.0,4.0,4.0,2.0,4.0,2.0,4.0
758,4.0,2.0,4.0,2.0,2.0,4.0,5.0,4.0,4.0,4.0,2.0,2.0
759,2.0,2.0,1.0,2.0,1.0,2.0,4.0,2.0,2.0,2.0,1.0,2.0
760,5.0,4.0,2.0,4.0,4.0,4.0,4.0,4.0,5.0,4.0,2.0,2.0
761,2.0,4.0,2.0,5.0,1.0,2.0,5.0,1.0,4.0,1.0,1.0,5.0
762,1.0,2.0,1.0,2.0,2.0,4.0,2.0,2.0,5.0,4.0,2.0,1.0
763,2.0,5.0,2.0,4.0,4.0,4.0,4.0,2.0,5.0,4.0,2.0,4.0
764,1.0,5.0,1.0,3.0,1.0,1.0,2.0,3.0,2.0,1.0,1.0,5.0
765,3.0,4.0,2.0,3.0,1.0,2.0,4.0,2.0,2.0,2.0,1.0,3.0
766,2.0,5.0,4.0,4.0,2.0,2.0,2.0,2.0,4.0,4.0,2.0,4.0
767,2.0,4.0,2.0,5.0,2.0,4.0,4.0,2.0,5.0,4.0,2.0,5.0
768,4.0,4.0,2.0,4.0,2.0,2.0,4.0,1.0,2.0,2.0,2.0,4.0
769,4.0,5.0,2.0,5.0,1.0,5.0,5.0,2.0,5.0,5.0,2.0,5.0
770,2.0,2.0,2.0,4.0,2.0,4.0,2.0,1.0,4.0,4.0,2.0,4.0
771,4.0,5.0,2.0,5.0,5.0,4.0,4.0,4.0,5.0,5.0,5.0,5.0
772,4.0,2.0,4.0,4.0,2.0,4.0,4.0,4.0,4.0,2.0,2.0,4.0
773,4.0,4.0,2.0,4.0,2.0,4.0,4.0,2.0,4.0,4.0,2.0,4.0
774,5.0,5.0,2.0,5.0,1.0,5.0,5.0,5.0,5.0,5.0,1.0,5.0
775,5.0,5.0,5.0,5.0,3.0,5.0,3.0,3.0,5.0,5.0,3.0,5.0
776,4.0,5.0,2.0,4.0,2.0,4.0,4.0,2.0,4.0,4.0,2.0,4.0
777,2.0,2.0,2.0,4.0,1.0,2.0,2.0,2.0,5.0,1.0,1.0,4.0
778,5.0,5.0,5.0,5.0,5.0,5.0,5.0,4.0,5.0,5.0,4.0,5.0
779,2.0,3.0,2.0,3.0,2.0,3.0,3.0,2.0,4.0,3.0,2.0,3.0
780,2.0,2.0,2.0,2.0,2.0,2.0,2.0,2.0,2.0,2.0,2.0,2.0
781,2.0,2.0,2.0,2.0,2.0,2.0,2.0,2.0,2.0,2.0,2.0,2.0
782,4.0,5.0,2.0,4.0,4.0,2.0,4.0,4.0,5.0,4.0,4.0,2.0
783,4.0,4.0,4.0,4.0,2.0,4.0,4.0,2.0,4.0,2.0,2.0,4.0
784,4.0,2.0,1.0,2.0,1.0,2.0,4.0,2.0,2.0,2.0,2.0,2.0
785,5.0,5.0,2.0,5.0,2.0,4.0,2.0,4.0,5.0,4.0,2.0,5.0
786,2.0,4.0,4.0,2.0,2.0,2.0,2.0,2.0,2.0,2.0,2.0,3.0
787,2.0,5.0,1.0,2.0,1.0,2.0,5.0,2.0,4.0,2.0,1.0,2.0
788,2.0,4.0,2.0,4.0,2.0,3.0,4.0,3.0,4.0,2.0,2.0,3.0
789,5.0,5.0,5.0,5.0,5.0,5.0,5.0,5.0,5.0,5.0,4.0,5.0
790,4.0,4.0,2.0,2.0,2.0,2.0,4.0,2.0,2.0,2.0,2.0,2.0
791,2.0,2.0,5.0,2.0,2.0,2.0,2.0,2.0,2.0,2.0,1.0,2.0
792,4.0,4.0,4.0,5.0,5.0,2.0,4.0,5.0,2.0,2.0,4.0,3.0
793,1.0,2.0,1.0,1.0,1.0,1.0,1.0,2.0,4.0,1.0,1.0,1.0
794,4.0,5.0,2.0,5.0,5.0,4.0,4.0,5.0,5.0,5.0,2.0,5.0
795,2.0,2.0,2.0,2.0,1.0,2.0,4.0,2.0,2.0,2.0,1.0,2.0
796,4.0,4.0,4.0,4.0,3.0,2.0,2.0,2.0,4.0,4.0,2.0,4.0
797,4.0,5.0,5.0,5.0,4.0,5.0,5.0,4.0,5.0,5.0,4.0,4.0
798,2.0,5.0,4.0,5.0,2.0,5.0,2.0,2.0,4.0,5.0,4.0,5.0
799,3.0,5.0,2.0,5.0,3.0,5.0,4.0,3.0,3.0,5.0,3.0,5.0
800,2.0,4.0,2.0,4.0,2.0,2.0,4.0,2.0,4.0,4.0,2.0,4.0
801,5.0,5.0,2.0,4.0,2.0,4.0,5.0,4.0,4.0,4.0,2.0,4.0
802,3.0,3.0,3.0,3.0,3.0,3.0,3.0,3.0,3.0,3.0,3.0,3.0
803,5.0,5.0,4.0,4.0,1.0,2.0,2.0,2.0,4.0,4.0,1.0,2.0
804,3.0,2.0,2.0,5.0,3.0,2.0,3.0,4.0,3.0,2.0,4.0,5.0
805,4.0,5.0,2.0,4.0,2.0,2.0,2.0,2.0,5.0,2.0,2.0,4.0
806,2.0,4.0,2.0,4.0,2.0,4.0,4.0,2.0,4.0,4.0,2.0,4.0
807,4.0,2.0,2.0,2.0,1.0,4.0,2.0,2.0,1.0,2.0,1.0,4.0
808,4.0,2.0,2.0,2.0,2.0,2.0,2.0,2.0,2.0,2.0,2.0,2.0
809,2.0,4.0,2.0,4.0,4.0,2.0,5.0,2.0,2.0,4.0,2.0,4.0
810,4.0,5.0,2.0,5.0,2.0,4.0,2.0,4.0,5.0,5.0,2.0,5.0
811,4.0,5.0,2.0,4.0,2.0,2.0,4.0,2.0,5.0,4.0,2.0,4.0
812,2.0,4.0,1.0,2.0,2.0,1.0,2.0,1.0,1.0,2.0,2.0,2.0
813,5.0,2.0,2.0,5.0,3.0,1.0,5.0,2.0,5.0,3.0,2.0,3.0
814,3.0,2.0,2.0,4.0,2.0,2.0,3.0,2.0,4.0,2.0,1.0,3.0
815,4.0,4.0,2.0,4.0,2.0,2.0,2.0,2.0,2.0,2.0,2.0,2.0
816,5.0,5.0,2.0,4.0,4.0,5.0,3.0,4.0,5.0,5.0,2.0,5.0
817,2.0,2.0,2.0,2.0,1.0,2.0,4.0,1.0,2.0,2.0,1.0,2.0
818,3.0,3.0,3.0,3.0,3.0,3.0,3.0,3.0,3.0,3.0,3.0,3.0
819,2.0,2.0,2.0,2.0,2.0,2.0,2.0,2.0,2.0,2.0,2.0,2.0
820,2.0,4.0,2.0,4.0,2.0,4.0,4.0,4.0,4.0,4.0,2.0,4.0
821,2.0,4.0,4.0,5.0,1.0,4.0,4.0,4.0,5.0,5.0,1.0,2.0
822,4.0,4.0,2.0,2.0,2.0,2.0,4.0,2.0,2.0,2.0,2.0,2.0
823,4.0,4.0,2.0,2.0,1.0,2.0,4.0,4.0,4.0,4.0,1.0,2.0
824,2.0,5.0,2.0,2.0,4.0,4.0,2.0,2.0,4.0,2.0,4.0,2.0
825,4.0,4.0,2.0,2.0,1.0,5.0,4.0,2.0,2.0,2.0,2.0,4.0
826,2.0,4.0,1.0,5.0,2.0,4.0,5.0,4.0,2.0,2.0,2.0,5.0
827,2.0,4.0,2.0,4.0,2.0,4.0,5.0,2.0,4.0,2.0,2.0,2.0
828,3.0,3.0,5.0,5.0,3.0,5.0,5.0,3.0,5.0,5.0,3.0,5.0
829,5.0,5.0,5.0,2.0,2.0,2.0,2.0,2.0,2.0,4.0,5.0,2.0
830,2.0,4.0,2.0,5.0,2.0,2.0,4.0,2.0,4.0,4.0,2.0,5.0
831,2.0,4.0,2.0,3.0,2.0,2.0,4.0,2.0,2.0,2.0,1.0,3.0
832,2.0,5.0,2.0,4.0,2.0,2.0,2.0,2.0,4.0,4.0,2.0,3.0
833,2.0,5.0,2.0,5.0,2.0,5.0,5.0,2.0,5.0,4.0,2.0,4.0
834,4.0,4.0,4.0,4.0,4.0,2.0,4.0,4.0,4.0,4.0,2.0,4.0
835,5.0,5.0,1.0,4.0,2.0,4.0,4.0,2.0,4.0,5.0,2.0,1.0
836,1.0,1.0,2.0,1.0,2.0,1.0,2.0,2.0,1.0,2.0,4.0,1.0
837,2.0,2.0,2.0,4.0,2.0,2.0,2.0,2.0,4.0,2.0,2.0,3.0
838,4.0,4.0,2.0,2.0,2.0,4.0,2.0,2.0,2.0,2.0,2.0,2.0
839,2.0,2.0,2.0,2.0,1.0,2.0,2.0,2.0,2.0,1.0,2.0,2.0
840,4.0,2.0,1.0,2.0,2.0,4.0,4.0,2.0,2.0,2.0,1.0,2.0
841,2.0,4.0,4.0,4.0,2.0,4.0,4.0,2.0,2.0,2.0,1.0,4.0
842,5.0,4.0,2.0,2.0,2.0,2.0,2.0,2.0,2.0,2.0,2.0,2.0
843,2.0,4.0,3.0,4.0,1.0,2.0,3.0,2.0,4.0,2.0,3.0,3.0
844,2.0,2.0,2.0,2.0,2.0,2.0,2.0,4.0,2.0,2.0,2.0,2.0
845,2.0,2.0,2.0,2.0,2.0,2.0,2.0,2.0,2.0,2.0,2.0,2.0
846,2.0,4.0,1.0,2.0,1.0,2.0,2.0,2.0,4.0,2.0,1.0,2.0
847,4.0,4.0,2.0,4.0,2.0,4.0,4.0,2.0,5.0,4.0,2.0,4.0
848,5.0,5.0,2.0,4.0,4.0,4.0,5.0,4.0,4.0,4.0,1.0,4.0
849,2.0,2.0,2.0,2.0,1.0,2.0,2.0,2.0,2.0,2.0,2.0,2.0
850,4.0,4.0,4.0,4.0,4.0,4.0,4.0,4.0,5.0,4.0,2.0,4.0
851,4.0,3.0,3.0,3.0,2.0,2.0,4.0,1.0,3.0,3.0,1.0,3.0
852,2.0,4.0,1.0,2.0,1.0,2.0,2.0,2.0,2.0,2.0,1.0,3.0
853,5.0,4.0,5.0,5.0,4.0,4.0,5.0,4.0,5.0,5.0,4.0,5.0
854,2.0,4.0,2.0,2.0,2.0,2.0,2.0,2.0,2.0,2.0,2.0,2.0
855,5.0,5.0,4.0,5.0,2.0,4.0,5.0,4.0,5.0,4.0,2.0,5.0
856,4.0,5.0,5.0,5.0,2.0,5.0,5.0,5.0,5.0,2.0,5.0,5.0
857,4.0,4.0,4.0,4.0,2.0,4.0,4.0,2.0,4.0,2.0,4.0,4.0
858,4.0,4.0,2.0,2.0,2.0,2.0,2.0,2.0,4.0,2.0,2.0,2.0
859,4.0,4.0,2.0,4.0,1.0,4.0,5.0,2.0,4.0,4.0,1.0,4.0
860,2.0,2.0,2.0,2.0,2.0,2.0,2.0,2.0,2.0,2.0,2.0,2.0
861,2.0,2.0,2.0,2.0,2.0,2.0,2.0,2.0,2.0,2.0,2.0,2.0
862,4.0,5.0,5.0,5.0,1.0,2.0,5.0,1.0,5.0,2.0,1.0,5.0
863,2.0,4.0,1.0,2.0,2.0,2.0,4.0,2.0,4.0,3.0,2.0,2.0
864,5.0,5.0,4.0,5.0,2.0,4.0,5.0,4.0,4.0,4.0,2.0,5.0
865,2.0,4.0,2.0,2.0,2.0,4.0,4.0,2.0,2.0,2.0,2.0,2.0
866,5.0,5.0,5.0,5.0,2.0,5.0,5.0,2.0,5.0,5.0,2.0,5.0
867,5.0,5.0,5.0,5.0,2.0,4.0,5.0,2.0,5.0,2.0,2.0,5.0
868,2.0,4.0,2.0,2.0,1.0,2.0,2.0,2.0,2.0,1.0,1.0,2.0
869,2.0,5.0,4.0,2.0,1.0,4.0,4.0,1.0,4.0,1.0,1.0,4.0
870,4.0,3.0,2.0,3.0,3.0,2.0,3.0,3.0,3.0,3.0,2.0,3.0
871,1.0,1.0,1.0,1.0,1.0,1.0,1.0,1.0,1.0,1.0,1.0,1.0
872,5.0,4.0,4.0,4.0,2.0,4.0,4.0,4.0,4.0,2.0,2.0,5.0
873,4.0,2.0,4.0,2.0,4.0,2.0,2.0,2.0,2.0,4.0,2.0,2.0
874,2.0,4.0,2.0,4.0,2.0,2.0,4.0,1.0,4.0,4.0,1.0,2.0
875,5.0,2.0,2.0,4.0,2.0,1.0,2.0,2.0,5.0,4.0,1.0,4.0
876,2.0,4.0,2.0,4.0,1.0,2.0,4.0,2.0,4.0,2.0,2.0,2.0
877,2.0,2.0,5.0,5.0,1.0,4.0,4.0,2.0,5.0,4.0,1.0,4.0
878,4.0,1.0,2.0,4.0,2.0,2.0,4.0,2.0,5.0,4.0,2.0,4.0
879,2.0,2.0,1.0,2.0,2.0,2.0,4.0,2.0,4.0,2.0,1.0,2.0
880,4.0,5.0,5.0,5.0,5.0,2.0,4.0,3.0,5.0,5.0,2.0,5.0
881,4.0,5.0,4.0,4.0,2.0,4.0,4.0,1.0,5.0,4.0,2.0,4.0
882,5.0,4.0,2.0,4.0,4.0,4.0,5.0,4.0,4.0,4.0,2.0,4.0
883,1.0,1.0,1.0,1.0,2.0,1.0,2.0,2.0,2.0,2.0,2.0,2.0
884,5.0,5.0,2.0,5.0,2.0,5.0,5.0,4.0,4.0,4.0,2.0,5.0
885,2.0,2.0,2.0,2.0,2.0,2.0,2.0,1.0,2.0,2.0,2.0,2.0
886,5.0,5.0,3.0,5.0,2.0,5.0,3.0,2.0,5.0,3.0,2.0,3.0
887,4.0,2.0,2.0,2.0,2.0,4.0,2.0,2.0,4.0,4.0,2.0,2.0
888,2.0,5.0,2.0,4.0,2.0,4.0,4.0,2.0,4.0,4.0,2.0,4.0
889,2.0,3.0,2.0,3.0,2.0,2.0,2.0,2.0,4.0,3.0,2.0,3.0
890,4.0,5.0,2.0,4.0,2.0,4.0,5.0,2.0,5.0,2.0,1.0,2.0
891,4.0,4.0,5.0,1.0,5.0,5.0,2.0,2.0,5.0,5.0,2.0,2.0
892,2.0,4.0,2.0,4.0,2.0,4.0,2.0,2.0,4.0,2.0,1.0,4.0
893,5.0,4.0,2.0,5.0,4.0,4.0,3.0,4.0,5.0,5.0,4.0,5.0
894,5.0,5.0,2.0,5.0,2.0,5.0,4.0,5.0,5.0,4.0,2.0,5.0
895,2.0,5.0,2.0,3.0,4.0,3.0,5.0,4.0,4.0,3.0,2.0,3.0
896,4.0,5.0,1.0,4.0,1.0,4.0,4.0,2.0,5.0,5.0,1.0,4.0
897,3.0,3.0,3.0,3.0,3.0,3.0,3.0,3.0,3.0,3.0,3.0,3.0
898,3.0,4.0,3.0,3.0,2.0,3.0,3.0,2.0,4.0,2.0,2.0,3.0
899,5.0,5.0,4.0,2.0,4.0,5.0,5.0,4.0,5.0,4.0,4.0,2.0
900,2.0,4.0,2.0,2.0,2.0,2.0,4.0,2.0,2.0,2.0,2.0,1.0
901,4.0,4.0,1.0,2.0,1.0,2.0,2.0,2.0,1.0,1.0,1.0,2.0
902,4.0,2.0,2.0,2.0,2.0,2.0,2.0,2.0,2.0,2.0,2.0,5.0
903,2.0,5.0,2.0,2.0,2.0,2.0,2.0,2.0,2.0,2.0,2.0,2.0
904,4.0,4.0,2.0,4.0,2.0,2.0,5.0,2.0,4.0,4.0,4.0,4.0
905,1.0,4.0,1.0,2.0,1.0,2.0,2.0,2.0,1.0,1.0,1.0,2.0
906,2.0,4.0,2.0,4.0,1.0,2.0,4.0,2.0,2.0,2.0,2.0,4.0
907,5.0,5.0,5.0,5.0,3.0,4.0,4.0,4.0,5.0,5.0,2.0,5.0
908,2.0,2.0,1.0,2.0,2.0,2.0,4.0,2.0,2.0,2.0,1.0,4.0
909,4.0,2.0,4.0,2.0,2.0,4.0,4.0,2.0,4.0,2.0,2.0,4.0
910,5.0,5.0,5.0,5.0,5.0,5.0,5.0,5.0,5.0,5.0,5.0,5.0
911,1.0,2.0,1.0,2.0,1.0,2.0,4.0,2.0,4.0,2.0,2.0,2.0
912,2.0,4.0,4.0,4.0,2.0,4.0,4.0,2.0,5.0,5.0,2.0,5.0
913,2.0,2.0,2.0,2.0,2.0,2.0,2.0,2.0,2.0,2.0,2.0,2.0
914,4.0,4.0,2.0,4.0,2.0,4.0,4.0,2.0,4.0,2.0,2.0,4.0
915,4.0,4.0,2.0,4.0,2.0,4.0,4.0,2.0,2.0,4.0,2.0,4.0
916,5.0,5.0,1.0,5.0,2.0,4.0,1.0,4.0,5.0,2.0,1.0,5.0
917,2.0,5.0,1.0,5.0,2.0,2.0,4.0,2.0,5.0,2.0,2.0,4.0
918,5.0,5.0,5.0,5.0,4.0,5.0,5.0,2.0,5.0,2.0,2.0,5.0
919,4.0,4.0,4.0,5.0,2.0,4.0,5.0,2.0,5.0,4.0,2.0,4.0
920,4.0,4.0,2.0,2.0,1.0,2.0,4.0,5.0,4.0,2.0,1.0,2.0
921,4.0,4.0,2.0,4.0,2.0,4.0,4.0,4.0,4.0,4.0,2.0,4.0
922,4.0,4.0,2.0,4.0,2.0,2.0,2.0,2.0,4.0,3.0,2.0,4.0
923,4.0,2.0,3.0,3.0,2.0,2.0,3.0,2.0,2.0,2.0,2.0,3.0
924,2.0,4.0,2.0,2.0,2.0,2.0,2.0,4.0,2.0,2.0,1.0,2.0
925,3.0,3.0,3.0,3.0,3.0,3.0,3.0,3.0,3.0,3.0,3.0,3.0
926,4.0,4.0,2.0,4.0,1.0,4.0,2.0,2.0,2.0,2.0,1.0,4.0
927,5.0,4.0,2.0,5.0,2.0,2.0,4.0,4.0,5.0,4.0,2.0,5.0
928,5.0,5.0,2.0,5.0,4.0,5.0,5.0,2.0,5.0,5.0,2.0,1.0
929,4.0,5.0,1.0,5.0,2.0,4.0,5.0,5.0,5.0,4.0,2.0,5.0
930,2.0,4.0,2.0,2.0,2.0,2.0,2.0,4.0,2.0,2.0,2.0,2.0
931,4.0,4.0,4.0,4.0,4.0,4.0,4.0,2.0,4.0,4.0,4.0,4.0
932,2.0,3.0,2.0,3.0,2.0,2.0,2.0,2.0,2.0,2.0,2.0,3.0
933,4.0,2.0,2.0,2.0,2.0,2.0,2.0,2.0,2.0,2.0,2.0,2.0
934,2.0,2.0,2.0,2.0,2.0,2.0,2.0,3.0,2.0,2.0,2.0,4.0
935,4.0,4.0,2.0,3.0,2.0,3.0,3.0,4.0,4.0,4.0,2.0,3.0
936,4.0,4.0,4.0,2.0,1.0,4.0,2.0,2.0,2.0,5.0,1.0,4.0
937,4.0,2.0,4.0,2.0,2.0,2.0,4.0,2.0,2.0,2.0,2.0,2.0
938,4.0,4.0,2.0,4.0,2.0,4.0,4.0,4.0,4.0,2.0,2.0,4.0
939,2.0,4.0,2.0,2.0,2.0,2.0,4.0,4.0,2.0,2.0,2.0,2.0
940,2.0,5.0,2.0,4.0,2.0,5.0,5.0,2.0,5.0,4.0,2.0,4.0
941,5.0,5.0,5.0,5.0,5.0,5.0,5.0,5.0,5.0,5.0,5.0,5.0
942,4.0,4.0,2.0,4.0,2.0,2.0,4.0,4.0,2.0,4.0,2.0,2.0
943,2.0,4.0,4.0,2.0,2.0,2.0,4.0,4.0,4.0,2.0,2.0,4.0
944,2.0,4.0,2.0,3.0,2.0,3.0,3.0,3.0,2.0,3.0,1.0,2.0
945,1.0,2.0,1.0,1.0,1.0,1.0,2.0,1.0,1.0,1.0,1.0,1.0
946,4.0,4.0,4.0,2.0,2.0,4.0,4.0,4.0,2.0,4.0,2.0,2.0
947,4.0,4.0,2.0,4.0,2.0,2.0,2.0,4.0,4.0,4.0,2.0,4.0
948,2.0,4.0,2.0,2.0,2.0,1.0,2.0,1.0,4.0,2.0,1.0,2.0
949,4.0,5.0,4.0,4.0,3.0,2.0,4.0,4.0,5.0,4.0,2.0,5.0
950,4.0,4.0,3.0,4.0,2.0,5.0,3.0,2.0,4.0,4.0,2.0,4.0
951,2.0,1.0,2.0,1.0,1.0,1.0,1.0,1.0,2.0,1.0,2.0,1.0
952,4.0,5.0,2.0,2.0,2.0,2.0,4.0,2.0,2.0,4.0,1.0,2.0
953,5.0,4.0,4.0,4.0,2.0,4.0,2.0,2.0,5.0,4.0,2.0,2.0
954,1.0,1.0,1.0,1.0,1.0,1.0,1.0,1.0,1.0,1.0,1.0,1.0
955,2.0,5.0,2.0,4.0,2.0,4.0,4.0,2.0,5.0,4.0,2.0,4.0
956,2.0,5.0,2.0,4.0,2.0,2.0,2.0,2.0,4.0,2.0,2.0,4.0
957,5.0,2.0,5.0,2.0,2.0,4.0,4.0,1.0,4.0,2.0,2.0,4.0
958,2.0,4.0,1.0,2.0,2.0,5.0,4.0,2.0,5.0,1.0,1.0,4.0
959,4.0,4.0,4.0,4.0,2.0,4.0,4.0,2.0,4.0,4.0,2.0,4.0
960,4.0,5.0,2.0,4.0,2.0,4.0,4.0,2.0,5.0,4.0,2.0,4.0
961,4.0,4.0,4.0,5.0,2.0,5.0,2.0,2.0,5.0,5.0,2.0,5.0
962,4.0,5.0,4.0,5.0,2.0,2.0,5.0,4.0,5.0,4.0,2.0,5.0
963,4.0,4.0,2.0,4.0,2.0,2.0,4.0,1.0,2.0,2.0,1.0,2.0
964,2.0,4.0,2.0,3.0,1.0,3.0,3.0,2.0,2.0,2.0,1.0,3.0
965,4.0,4.0,2.0,2.0,2.0,4.0,5.0,2.0,2.0,4.0,2.0,2.0
966,4.0,4.0,1.0,2.0,1.0,1.0,1.0,1.0,1.0,1.0,1.0,1.0
967,2.0,2.0,2.0,2.0,1.0,2.0,2.0,2.0,2.0,2.0,1.0,2.0
968,2.0,4.0,2.0,4.0,2.0,4.0,3.0,2.0,3.0,2.0,2.0,2.0
969,4.0,4.0,4.0,4.0,4.0,4.0,4.0,4.0,4.0,4.0,4.0,4.0
970,4.0,2.0,2.0,4.0,5.0,5.0,2.0,2.0,5.0,4.0,2.0,4.0
971,2.0,2.0,2.0,2.0,2.0,2.0,2.0,2.0,2.0,2.0,2.0,2.0
972,4.0,4.0,5.0,5.0,4.0,5.0,5.0,2.0,5.0,5.0,4.0,4.0
973,5.0,4.0,2.0,5.0,4.0,5.0,5.0,4.0,5.0,5.0,2.0,5.0
974,4.0,2.0,2.0,2.0,2.0,2.0,2.0,2.0,2.0,2.0,2.0,2.0
975,4.0,2.0,2.0,4.0,2.0,4.0,4.0,2.0,4.0,4.0,2.0,4.0
976,4.0,4.0,2.0,4.0,2.0,2.0,2.0,2.0,4.0,2.0,2.0,4.0
977,2.0,2.0,2.0,2.0,2.0,2.0,2.0,2.0,2.0,4.0,2.0,4.0
978,5.0,5.0,4.0,5.0,1.0,5.0,2.0,1.0,5.0,5.0,2.0,5.0
979,2.0,2.0,2.0,2.0,2.0,2.0,2.0,2.0,2.0,2.0,2.0,2.0
980,4.0,2.0,1.0,4.0,2.0,4.0,4.0,2.0,2.0,2.0,2.0,2.0
981,4.0,4.0,5.0,5.0,1.0,4.0,2.0,4.0,5.0,5.0,2.0,5.0
982,2.0,4.0,2.0,2.0,2.0,4.0,2.0,2.0,1.0,2.0,2.0,2.0
983,2.0,4.0,2.0,2.0,2.0,2.0,2.0,2.0,2.0,2.0,1.0,2.0
984,2.0,4.0,2.0,2.0,2.0,4.0,2.0,4.0,2.0,2.0,2.0,2.0
985,4.0,5.0,2.0,4.0,4.0,4.0,4.0,4.0,4.0,4.0,4.0,4.0
986,2.0,4.0,2.0,2.0,2.0,2.0,2.0,2.0,2.0,2.0,2.0,2.0
987,4.0,2.0,2.0,4.0,2.0,2.0,2.0,2.0,4.0,4.0,2.0,4.0
988,2.0,2.0,1.0,2.0,2.0,4.0,2.0,1.0,4.0,2.0,1.0,2.0
989,4.0,4.0,2.0,2.0,2.0,4.0,4.0,2.0,2.0,2.0,2.0,1.0
990,2.0,2.0,2.0,2.0,1.0,2.0,2.0,2.0,2.0,2.0,2.0,2.0
991,4.0,4.0,4.0,4.0,2.0,2.0,4.0,2.0,4.0,4.0,4.0,4.0
992,2.0,4.0,2.0,5.0,4.0,4.0,4.0,2.0,5.0,4.0,2.0,5.0
993,2.0,2.0,2.0,2.0,2.0,2.0,2.0,2.0,2.0,2.0,2.0,2.0
994,4.0,5.0,2.0,5.0,1.0,2.0,5.0,2.0,5.0,4.0,2.0,5.0
995,5.0,5.0,4.0,5.0,2.0,5.0,5.0,4.0,5.0,5.0,4.0,5.0
996,5.0,5.0,5.0,4.0,4.0,5.0,5.0,2.0,5.0,5.0,5.0,2.0
997,2.0,4.0,2.0,2.0,2.0,2.0,2.0,2.0,4.0,4.0,2.0,4.0
998,2.0,5.0,4.0,4.0,2.0,2.0,2.0,2.0,5.0,4.0,1.0,4.0
999,4.0,4.0,2.0,2.0,4.0,2.0,5.0,4.0,4.0,4.0,2.0,2.0
1000,2.0,5.0,2.0,4.0,1.0,5.0,2.0,2.0,4.0,2.0,2.0,4.0
1001,2.0,4.0,2.0,4.0,2.0,4.0,4.0,4.0,4.0,4.0,2.0,4.0
1002,2.0,2.0,1.0,2.0,2.0,2.0,1.0,4.0,1.0,2.0,1.0,2.0
1003,2.0,2.0,2.0,4.0,2.0,4.0,2.0,2.0,5.0,4.0,2.0,3.0
1004,5.0,5.0,5.0,5.0,5.0,5.0,5.0,2.0,5.0,5.0,2.0,5.0
1005,2.0,2.0,2.0,2.0,2.0,2.0,2.0,2.0,2.0,2.0,2.0,2.0
1006,4.0,4.0,2.0,4.0,2.0,4.0,4.0,4.0,5.0,4.0,2.0,5.0
1007,5.0,5.0,5.0,5.0,4.0,5.0,2.0,2.0,5.0,5.0,4.0,5.0
1008,2.0,5.0,1.0,5.0,5.0,5.0,4.0,2.0,5.0,5.0,5.0,5.0
1009,4.0,4.0,1.0,4.0,2.0,2.0,3.0,2.0,2.0,4.0,2.0,4.0
1010,4.0,4.0,2.0,4.0,4.0,4.0,2.0,2.0,2.0,2.0,4.0,2.0
1011,2.0,4.0,4.0,4.0,2.0,3.0,3.0,2.0,5.0,2.0,2.0,3.0
1012,2.0,5.0,5.0,4.0,2.0,4.0,5.0,2.0,5.0,2.0,2.0,4.0
1013,1.0,1.0,1.0,4.0,2.0,1.0,2.0,2.0,2.0,1.0,1.0,4.0
